ACCTNG 210, Introduction To Financial Accounting
ACCTNG 211, Introduction To Managerial Accounting
ACCTNG 306, Introduction to Intermediate and the Accounting Profession
ACCTNG 307, Cost Management
ACCTNG 310, Intermediate Accounting
ACCTNG 318, Introduction to Data Analysis in Accounting
ACCTNG 350, Accounting Systems And Controls
ACCTNG 360, Accounting Research and Communications
ACCTNG 405, Auditing
ACCTNG 412, Introduction to Income Taxation
ACCTNG 418, Data Analytics for Accounting
ACCTNG 420, Advanced Accounting
ACCTNG 421, Business Analysis and Reporting
ACCTNG 464, Principles of Internal Auditing
ACCTNG 470, Fraud Examination
ACCTNG 487, Special Topics
ACCTNG 496, Internship: Accounting
ACCTNG 497, Special Topics In Accounting
ANTHRO 103, Introduction To Cultural Anthropology
ANTHRO 300, Special Topics in Anthropology
ANTHRO 305, Language and Culture
ANTHRO 306," Culture, Emotion, and Identity"
ANTHRO 308, The Social Life of Things
ANTHRO 322, Race And Ethnic Relations
ANTHRO 326, Consumer Society
ANTHRO 328, Body and Society
ANTHRO 331, Urban Anthropology
ANTHRO 333, The Living Dead
ANTHRO 373, Anthropology of Religion
ANTHRO 380, Technology and Society
ANTHRO 397, Independent Readings in Anthropology
ANTHRO 407, Writing Culture: The Craft of Ethnography
ALI 100, Special Topics in English as a Second Language
ALI 101, Basic Writing & Grammar for Non-Native Speakers
ALI 102, Basic Reading and Vocabulary for Non-Native Speakers
ALI 103, Basic Speaking & Listening for Non-Native Speakers
ALI 111, Academic Writing & Grammar for Non-Native Speakers I
ALI 112, Academic Reading & Vocabulary for Non-Native Speakers I
ALI 113, Academic Speaking & Listening for Non-Native Speakers I
ALI 121, Academic Writing & Grammar for Non-Native Speakers II
ALI 122, Academic Reading & Vocabulary for Non-Native Speakers II
ALI 123, Academic Speaking & Listening for Non-Native Speakers II
ALI 131, Academic Writing & Grammar for Non-Native Speakers III
ALI 132, Academic Reading & Vocabulary for Non-Native Speakers III
ALI 133, Academic Speaking & Listening for Non-Native Speakers III
ALI 141, Academic Writing & Grammar For Non-Native Speakers IV
ALI 142, Academic Reading & Vocabulary for Non-Native Speakers IV
ALI 143, Academic Speaking & Listening for Non-Native Speakers IV
ALI 151, English Writing for Graduate Level Study
ALI 153, English Speaking for Graduate Level Study
ALI 161, Academic Writing Support for International Students
ALI 162, Academic Reading Support for International Students
ALI 163, Oral Communication Skills for International Students
ARABIC 110, Elementary Arabic I
ARABIC 120, Elementary Arabic II
ARABIC 211, Second Year Arabic I
ARABIC 280, Special Intermediate Arabic Topics I
ENVDSN 110, The Meaning Of Architecture
ENVDSN 201, Environmental Design Studio I
ENVDSN 202, Environmental Design Studio II
ENVDSN 203, Survey of the Design Professions
ENVDSN 248, Fundamentals of Architectural Technology
ENVDSN 250, History of the Designed Environment I
ENVDSN 251, History of the Designed Environment II
ENVDSN 252, History of the Designed Environment III
ENVDSN 301, Architectural Design Studio I
ENVDSN 302, Architectural Design Studio II
ENVDSN 325, Introduction to Architectural Theory
ENVDSN 347, Structural Systems in Architecture I
ENVDSN 433, Building Construction Systems in Architecture I
ART 105, Introduction to Photography
ART 112, Foundation Drawing
ART 114, Foundation Digital Design
ART 121, Foundation 2D Design
ART 206, Photography I
ART 212, Intermediate Drawing
ART 214, Ceramics I
ART 221, Painting I
ART 224, Print Media I
ART 230, Fibers I
ART 266, Design Thinking
ART 309, Print Media II
ART 310, Digital Video and Motion Design
ART 311, Painting II
ART 312, Figure Drawing I
ART 320WI, Ways of Seeing
ART 327, Interactive Media Design
ART 330, Fibers II
ART 337, Graphic Design and Typography I
ART 338, Graphic Design and Typography II
ART 340, 3D Modeling and Animation
ART 375, Interdisciplinary Studio Projects
ART 405, Practices in the Visual Arts Classroom
ART 411, Painting III
ART 412, Figure Drawing II
ART 421, Painting IV
ART 439, Student Design Lab
ART 488, Creative Project Development
ART 493, Directed Projects in Studio Art
ART 495, Special Topics in Studio Art
ART 498Q, Special Studies in Art: Internship
ART 499WI, Professional Practices
ARTHIST 110, Introduction to the History of Art: Pyramids to Picasso
ARTHIST 201, From Cave Paintings to Cathedrals
ARTHIST 202, From Michelangelo to Modernism
ARTHIST 303, World Currents of Contemporary Art
ARTHIST 315, Arts Of African and New World Cultures
ARTHIST 319, Asian Art
ARTHIST 320WI, Ways of Seeing
ARTHIST 421, Made in the USA: Latinx Art and Experience
ARTHIST 422WI, Whose America: Modern Art and Philosophy in the Americas
ARTHIST 445, Northern European Art: 15th and 16th Centuries
ARTHIST 450, 15th Century Italian Art and Architecture
ARTHIST 452, Greek Art and Architecture
ARTHIST 455, History of Photography
ARTHIST 468, Participatory Forms of Spectatorship in Contemporary Art
ARTHIST 469," Sensing, Feeling, Thinking: Contemporary Art and the Mind"
ARTHIST 470, Art Museums: History and Practice
ARTHIST 476, Site-Specific Art: Within and Beyond the Museum Walls
ARTHIST 478, Pompeii and Herculaneum: The Archaeology of the Roman World
ARTHIST 482WI, Scope and Methods of Art History
ARTHIST 493, Directed Studies in Art History
ARTHIST 495, Special Topics in Art History
ARTHIST 497Q, Special Studies in Art History: Internship
ASTR 150, Astronomy: Motions of the Cosmos
ASTR 153L, Introductory Astronomy Laboratory
ASTR 155, Astronomy: Starlight and Star Stuff
ASTR 353, Practical Astronomy
ASTR 355, Stellar Astrophysics
ASTR 356, Galaxies
ASTR 465, Cosmology
BASSOON 100A, Preparatory Applied Study
BASSOON 100B, Applied Study of a Second Instrument
BASSOON 100C, Applied Study for the Non-Music Major
BASSOON 101, Freshman Bassoon I
BASSOON 102, Freshman Bassoon II
BASSOON 201, Sophomore Bassoon I
BASSOON 202, Sophomore Bassoon II
BASSOON 300, Studio Class
BASSOON 301, Junior Bassoon I
BASSOON 302, Junior Bassoon II
BASSOON 401, Senior Bassoon I
BASSOON 402, Senior Bassoon II
BIOLOGY 102, Biology and Living
BIOLOGY 102L, Biology and Living Laboratory
BIOLOGY 108, General Biology I
BIOLOGY 108L, General Biology I Laboratory
BIOLOGY 109, General Biology II
BIOLOGY 109L, General Biology II Laboratory
BIOLOGY 112, Microbiology and Living
BIOLOGY 115, First Year Seminar
BIOLOGY 122, Human Genetics
BIOLOGY 125L, Guided Research in Biology
BIOLOGY 199L, Methods in Biological Research
BIOLOGY 202, Cell Biology
BIOLOGY 206, Genetics
BIOLOGY 217L, Human Physiology Laboratory
BIOLOGY 218, Introductory Anatomy
BIOLOGY 218L, Introductory Anatomy Laboratory
BIOLOGY 250, Careers in Biological & Chemical Sciences I
BIOLOGY 251, Careers in Biological & Chemical Sciences II
BIOLOGY 285, Special Topics
BIOLOGY 302, General Ecology
BIOLOGY 302L, Ecology Laboratory
BIOLOGY 303, Invertebrate Zoology
BIOLOGY 304, Biostatistics 1
BIOLOGY 305, Marine and Freshwater Biology
BIOLOGY 306, From Bench to Bedside: Translational Research
BIOLOGY 308, Vertebrate Zoology
BIOLOGY 310, Herpetology
BIOLOGY 312WL," Laboratory in Developmental Biology, Genetics and Cell Biology"
BIOLOGY 313, Microbiology
BIOLOGY 313L, Laboratory in Microbiology
BIOLOGY 313WL, Laboratory in Microbiology
BIOLOGY 314, Entomology
BIOLOGY 316, Principles of Physiology
BIOLOGY 319, Global Health: New and Emerging Infectious Diseases
BIOLOGY 322, General Parasitology
BIOLOGY 326, Biological Conservation
BIOLOGY 327, Biogeography and Biodiversity
BIOLOGY 328, Histology
BIOLOGY 328L, Laboratory in Histology and Cellular Ultrastructure
BIOLOGY 328WL, Laboratory in Histology and Cellular Ultrastructure
BIOLOGY 329, Endocrinology
BIOLOGY 331, Reproductive Biology
BIOLOGY 333, Invasive Species
BIOLOGY 338L, Comparative Vertebrate Anatomy Laboratory
BIOLOGY 346, Plant Biology
BIOLOGY 350, Assisting Undergraduate Learning in Biology
BIOLOGY 360L, Laboratory in Biochemistry and Molecular Biology
BIOLOGY 360WL, Laboratory in Biochemistry and Molecular Biology
BIOLOGY 370L, Biological Research Techniques II
BIOLOGY 385, Special Topics
BIOLOGY 397, Experience Based Education
BIOLOGY 404, Biostatistics 2
BIOLOGY 405, Introduction to Evolution
BIOLOGY 409, Developmental Biology
BIOLOGY 415, Pathophysiology
BIOLOGY 430, Molecular Biology and Genetic Engineering
BIOLOGY 431, Virology
BIOLOGY 435, Immunology
BIOLOGY 441, Biochemistry
BIOLOGY 442, Neurobiology
BIOLOGY 445, Evolutionary Ecology
BIOLOGY 452, Bioinformatics
BIOLOGY 485, Special Topics
BIOLOGY 498WI, Critical Analysis of Biological Issues
BMDENGR 115, Introduction to Biomedical Engineering
BMDENGR 215, 3D Modeling and Printing
BMDENGR 315, Biomedical Instrumentation
BMDENGR 325, Biomedical Systems Physiology
BMDENGR 335, Biomedical Transport Phenomena
BMDENGR 415, Bioelectromagnetics and Bioelectricity
BMDENGR 495WI, Biomedical Capstone Design
BLKS 320, Critical Health Issues in Black Communities
BLKS 321, The Black Family and Male-Female Relationships
BLKS 325, African American Business Development
BLKS 330, African American Migrations in Literature
BLKS 331, African American Literature I
BLKS 332WI, African American Novel
BLKS 333, African American Literature II
BLKS 334, From Field Shout to Hip Hop: African American Poetic Traditions
BLKS 335, Stages Toward Freedom: African American Dramatic Traditions
BLKS 337, The Civil Rights Movement in African American Literature
BLKS 338, Women's Literature in Africa and the African Diaspora
BLKS 349, Symbols and Codes from the Diaspora: African American Visual Arts Survey
BLKS 351," African American Art History: Part I, 1600-1960"
BLKS 403WI, Writing for African American Studies
BLKS 404, Research Seminar
BLKS 410," African American Art History: Part II, 1960-Present Day"
BLKS 458," Slave Narratives: Race, Gender, and Writing Freedom"
BLKS 480, Special Topics/Seminar
BLKS 496, Internship in Black Studies
CELLO 100A, Preparatory Applied Study
CELLO 100B, Applied Study of a Second Instrument
CELLO 100C, Applied Study for the Non-Music Major
CELLO 101, Freshman Cello I
CELLO 102, Freshman Cello II
CELLO 201, Sophomore Cello I
CELLO 202, Sophomore Cello II
CELLO 300, Studio Class
CELLO 301, Junior Cello I
CELLO 302, Junior Cello II
CELLO 368, Instrumental Excerpts
CELLO 401, Senior Cello I
CELLO 402, Senior Cello II
CHEM 111, Physical Basis Of Chemistry
CHEM 115, Elements Of Chemistry I
CHEM 115L," Elements Of Chemistry, Laboratory I"
CHEM 160," Chemistry, Society, And The Environment"
CHEM 160L," Laboratory For Chemistry, Society, And The Environment"
CHEM 206, Human Nutrition
CHEM 211, General Chemistry I
CHEM 211L, Experimental General Chemistry I
CHEM 212LR, Experimental General Chemistry II
CHEM 212R, General Chemistry II
CHEM 311, Laboratory Safety And Health I
CHEM 320, Elementary Organic Chemistry
CHEM 320L, Experimental Organic Chemistry
CHEM 321, Organic Chemistry I
CHEM 321L, Organic Chemistry Laboratory I
CHEM 322L, Organic Chemistry Laboratory II
CHEM 322R, Organic Chemistry II
CHEM 330, Elementary Physical Chemistry
CHEM 341, Analytical Chemistry I:  Quantitative Analysis
CHEM 341WI, Analytical Chemistry I: Quantitative Analysis
CHEM 345R, Instrumental Analysis
CHEM 350, Undergraduate Learning Assistant in Chemistry
CHEM 367, Bioorganic Chemistry
CHEM 382, Inorganic And Organic Synthesis
CHEM 387, Environmental Chemistry I
CHEM 390, Special Topics In Chemistry
CHEM 392, Chemistry Internship/Practical Training
CHEM 395, Directed Readings In Chemistry
CHEM 399, Intro To Research
CHEM 410, Chemical Literature
CHEM 431, Physical Chemistry I
CHEM 432, Physical Chemistry II
CHEM 434, Molecular Spectroscopy
CHEM 437WI, Experimental Physical Chemistry I
CHEM 442R, Analytical Chemistry II: Instrumental Analysis
CHEM 445, Introduction To Principles Of Forensic Investigation
CHEM 451R, Inorganic Chemistry
CHEM 471, Introduction To Polymer Chemistry
CHEM 480, Computer Applications To Chemical Problems
CHEM 490, Special Topics In Chemistry
CHEM 495, Directed Readings In Chemistry
CHEM 499, Senior Research
CHINESE 110, Elementary Chinese I
CHINESE 120, Elementary Chinese II
CHINESE 211, Second Year Chinese I
CHINESE 221, Second Year Chinese II
CIVENGR 111, First Year Cornerstone
CIVENGR 113, Engineering Measurements
CIVENGR 190, Special Topics
CIVENGR 275, Engineering Statics
CIVENGR 276, Strength Of Materials
CIVENGR 318, GIS for Engineers
CIVENGR 319, Engineering Computation and Statistics
CIVENGR 321, Structural Analysis
CIVENGR 323, Structural Steel Design
CIVENGR 335, Soil Mechanics
CIVENGR 342, Introduction to Environmental Engineering
CIVENGR 351, Fluid Mechanics
CIVENGR 357, Engineering Hydraulics
CIVENGR 378WI, Civil Engineering Materials
CIVENGR 390, Engineering Coop/Internship
CIVENGR 400, Problems
CIVENGR 401, Topics in Civil Engineering
CIVENGR 401ES, Special Topics in Civil Engineering
CIVENGR 401HA, Hydrologic Analysis and Design
CIVENGR 401SD, Special Topics In Civil Engineering
CIVENGR 404, Project Management of Integrated Design and Construction
CIVENGR 405, Capital Project Delivery Methods
CIVENGR 406, Construction Project Risk Management
CIVENGR 409, Fundamentals of Engineering Review
CIVENGR 411, Civil Engineering Systems Design I
CIVENGR 412, Civil Engineering Systems Design II
CIVENGR 415, Engineering Leadership and Ethics
CIVENGR 417, Advanced Structural Analysis
CIVENGR 421, Matrix Methods of Structural Analysis
CIVENGR 422WI, Reinforced Concrete Design
CIVENGR 423, Advanced Structural Steel Design
CIVENGR 425, Prestressed Concrete
CIVENGR 427, Advanced Reinforced Concrete Design
CIVENGR 429, Design of Structures for Blast and Fire
CIVENGR 431, Fundamentals of Geomaterial Characterization
CIVENGR 432, Foundation Engineering
CIVENGR 436, Advanced Soil Mechanics
CIVENGR 442, Hydraulic Structures
CIVENGR 443, Hazardous Waste Management
CIVENGR 446, Limnology
CIVENGR 447, Legal Topics for Engineers
CIVENGR 449," Environmental Compliance, Auditing and Permitting"
CIVENGR 452, Hydraulics of Open Channels
CIVENGR 453, Hydraulics and Variability of Rivers
CIVENGR 454, River Stability and Scour
CIVENGR 456, Urban Hydrology
CIVENGR 463, Construction Law
CIVENGR 466, Green Building and Sustainable Infrastructure
CIVENGR 467, Introduction to Construction Management
CIVENGR 468, Construction Planning and Scheduling
CIVENGR 469, Construction Methods and Equipment
CIVENGR 470, Corrosion Engineering
CIVENGR 471, Advanced Portland Cement Concrete
CIVENGR 473, Durability of Civil Engineering Materials
CIVENGR 475, Seismic Design of Structures
CIVENGR 481, Introduction to Transportation
CIVENGR 484," Pavement Materials Design, Maintenance, and Rehabilitation"
CIVENGR 487, Applied Finite Element Analysis
CIVENGR 491, Internship
CIVENGR 497, Engineering Hydrology
CLARINET 100A, Preparatory Applied Study
CLARINET 100B, Applied Study of a Second Instrument
CLARINET 100C, Applied Study for the Non-Music Major
CLARINET 101, Freshman Clarinet I
CLARINET 102, Freshman Clarinet II
CLARINET 201, Sophomore Clarinet I
CLARINET 202, Sophomore Clarinet II
CLARINET 300, Studio Class
CLARINET 301, Junior Clarinet I
CLARINET 302, Junior Clarinet II
CLARINET 368, Instrumental Excerpts
CLARINET 401, Senior Clarinet I
CLARINET 402, Senior Clarinet II
CLASSICS 119, Myth and Literature
CLASSICS 210, Foundations Of Ancient World Literature I
CLASSICS 300CY, Ancient World in Cinema
CLASSICS 300CZ, Archaeology Of Ancient Disasters
CLASSICS 340AWI, Classical Literature In Translation
CLASSICS 391WI, Ancient Greek and Roman Medicine
CLASSICS 499, Senior Tutorial
COMMST 110, Fundamentals of Effective Speaking and Listening
COMMST 140, Introduction to Communication
COMMST 203, Introduction to Journalism
COMMST 209, Cross-Cultural Interaction: Experience and Understanding
COMMST 212, Argumentation And Debate
COMMST 220, Introduction: Modern Communications Media
COMMST 260P, Introduction To Web Communications
COMMST 270, Introduction to Broadcast and Digital TV
COMMST 277, Interpersonal Communication
COMMST 308, Introduction To The Study Of Human Communication
COMMST 311, Broadcast and Digital Media Presenting
COMMST 312, Advanced Public Speaking
COMMST 316," Health, Science and Environmental Reporting"
COMMST 317, Persuasive Communication
COMMST 318, Dialogue Across Difference
COMMST 324, Journalism and Visual Storytelling in the Age of Data
COMMST 341WI, Rhetorical Theory And Criticism
COMMST 343, Group Dynamics
COMMST 344, Organizational Communication
COMMST 344WI, Communication in Organizational Settings
COMMST 348, The Art of the Interview
COMMST 351WI, Fundamentals of Writing for the Media
COMMST 353, Covering Urban Latinx Communities
COMMST 355WI, The News Feature Writing
COMMST 356," Writing, Broadcasting & Podcasting for Student Media"
COMMST 356WI," Writing, Broadcasting & Podcasting for Student Media"
COMMST 361, Media Management
COMMST 363, Podcast and Audio Production
COMMST 366, Digital Games and Society
COMMST 383, Cross-Cultural Journalism & Mass Media
COMMST 387, Strategic Communication Research
COMMST 388, Media Ethics
COMMST 390, Forensic Activities
COMMST 400, Special Studies
COMMST 415," Global Journalism: Cultures, Trends, and Conflicts"
COMMST 431, Colloquium In Interpersonal Dynamics
COMMST 432," Big City Issues: Race, Crime, Poverty and the Role of the Media"
COMMST 441, Applications of Interpersonal Communication Theory
COMMST 444, Intercultural Communication
COMMST 444WI, Intercultural Communication
COMMST 446, Principles Of Advertising
COMMST 447, Interactive and Social Media Advertising
COMMST 448, Principles Of Public Relations
COMMST 453, Urban Journalism Practicum
COMMST 456, Intermediate Broadcast and Digital TV
COMMST 466, Advanced Broadcast and Digital TV
COMMST 478, Media Law
COMMST 483, Research Seminar In Communication Studies
COMMST 484, Internship
COMMST 492, Advertising Campaigns
COMMST 498, Independent Study
COMPSCI 100, Computer Fundamentals and Applications
COMPSCI 101, Problem Solving and Programming I
COMPSCI 101L, Problem Solving & Programming I Lab
COMPSCI 191, Discrete Structures I
COMPSCI 201L, Problem Solving and Programming II - Lab
COMPSCI 201R, Problem Solving and Programming II
COMPSCI 281R, Introduction to Computer Architecture and Organization
COMPSCI 291, Discrete Structures II
COMPSCI 303, Data Structures
COMPSCI 304, Ethics and Professionalism
COMPSCI 308, Computational Thinking and Programming
COMPSCI 320, Data Communications and Networking
COMPSCI 349, Java Programming with Applications
COMPSCI 353, Functional Programming
COMPSCI 361, Introduction to Cybersecurity
COMPSCI 371," Database Design, Implementation and Validation"
COMPSCI 391, Data Stories & AI Experience
COMPSCI 394R, Applied Probability
COMPSCI 404, Introduction to Algorithms and Complexity
COMPSCI 420, Advanced Networking and Applications
COMPSCI 421A, Foundations of Data Networks
COMPSCI 423, Client/Server Programming and Applications
COMPSCI 424, Software Methods and Tools
COMPSCI 426, Network Security
COMPSCI 431, Introduction to Operating Systems
COMPSCI 436, Digital Forensics
COMPSCI 441, Programming Languages: Design and Implementation
COMPSCI 446, Distributed Computing Systems
COMPSCI 449, Foundations of Software Engineering
COMPSCI 451R, Software Engineering Capstone
COMPSCI 456, Human Computer Interface
COMPSCI 457, Software Architecture:  Requirements & Design
COMPSCI 458, Software Testing and Verification
COMPSCI 461, Introduction to Artificial Intelligence
COMPSCI 465R, Introduction to Statistical Learning
COMPSCI 470, Introduction to Database Management Systems
COMPSCI 473, Data Compression
COMPSCI 476, Blockchain Technologies
COMPSCI 479, Introduction to Computer Vision
COMPSCI 482, Computer Vision
COMPSCI 483, Software Security
COMPSCI 490, Special Topics
COMPSCI 490CR, Special Topics
COMPSCI 490R, Special Topics
COMPSCI 491, Internship
COMPSCI 497, Directed Readings
COMPSCI 498, Research Seminar
COMPSCI 499, Undergraduate Research
CONSVTY 101C, Voice Class I
CONSVTY 103, Fundamentals of Music Theory for Musicians
CONSVTY 103N, Fundamentals of Music
CONSVTY 104, Jazz Improvisation I
CONSVTY 108, Beginning Piano for Non-Music Majors
CONSVTY 110, Keyboard Skills I
CONSVTY 111, Introduction to Collaboration for Pianists I
CONSVTY 112, Introduction to Collaboration for Pianists II
CONSVTY 114, Keyboard Skills I for Piano Majors
CONSVTY 115, Keyboard Skills II for Piano Majors
CONSVTY 118, Electronica
CONSVTY 120, Music Appreciation
CONSVTY 120N, Music Appreciation
CONSVTY 123, Keyboard Skills II
CONSVTY 125, History and Development of Rock and Roll
CONSVTY 126, Introduction to World Music
CONSVTY 133, Beginning Composition I
CONSVTY 134, Beginning Composition II
CONSVTY 134B, Beginning Composition for Prospective Composition Majors II
CONSVTY 138, Music Therapy Foundations
CONSVTY 141, Musicianship I
CONSVTY 142, Musicianship II
CONSVTY 151, Muse
CONSVTY 185B, Foreign Language For Singing II
CONSVTY 185C, Foreign Language For Singing III
CONSVTY 185D, Foreign Language For Singing IV
CONSVTY 202, Basic Techniques of Audio Recording I
CONSVTY 203, Basic Techniques of Audio Recording II
CONSVTY 204, Jazz Improvisation II
CONSVTY 210A, Clinical Experience: I
CONSVTY 210B, Clinical Experience: II
CONSVTY 210C, Clinical Experience:  III
CONSVTY 210D, Clinical Experience: Iv
CONSVTY 210E, Clinical Experience: V
CONSVTY 210F, Clinical Experience VI
CONSVTY 223, Keyboard Skills III
CONSVTY 233, Intermediate Composition I
CONSVTY 233A, Intermediate Composition for Non-Composition Majors I
CONSVTY 234, Intermediate Composition II
CONSVTY 234A, Intermediate Composition for Non-Composition Majors II
CONSVTY 235, Digital Media for Composing
CONSVTY 236, Music Performance Systems
CONSVTY 238, Woodwind Techniques and Pedagogy
CONSVTY 239, Brass Techniques and Pedagogy
CONSVTY 241, Musicianship III
CONSVTY 242, Musicianship IV
CONSVTY 251, Introduction to the Integrated Performing Arts
CONSVTY 270, Marching Band & Jazz Ensemble Techniques
CONSVTY 278, Music Teaching Matters: A Professional Beginning
CONSVTY 285, Elementary Music Methods
CONSVTY 300, Studio Class
CONSVTY 301B, UMKC Aurum Chorale
CONSVTY 301C, UMKC Azure Chorale
CONSVTY 301E, Opera Theater Ensemble
CONSVTY 301F, Opera Production
CONSVTY 301G, Ensemble for Composers
CONSVTY 301H, Musica Nova
CONSVTY 302, Orchestra
CONSVTY 303B, Jazz Band
CONSVTY 303C, Percussion Ensemble
CONSVTY 303E, Jazz Workshop
CONSVTY 303G, Jazz Orchestra
CONSVTY 303J, Large Ensemble Rhythm Section Workshop
CONSVTY 303K, Piano Accompanying
CONSVTY 303MP, Improvisational Music/Media Performance Ensemble
CONSVTY 304, Jazz Improvisation III
CONSVTY 305A, Principles Of Chamber Music
CONSVTY 305E, Principles Of Chamber Music
CONSVTY 305H, Chamber Orchestra
CONSVTY 305J, Chamber Music Guitar
CONSVTY 306A, Conservatory Wind Ensemble
CONSVTY 306C, Wind Symphony
CONSVTY 307A, Canticum Novum
CONSVTY 307B, UMKC Choral Union
CONSVTY 307C, Conservatory Singers
CONSVTY 308A, Conservatory Concert Choir
CONSVTY 309, Audio Recording III
CONSVTY 310, Keyboard Skills IV
CONSVTY 311, Jazz Theory
CONSVTY 315, Music Therapy Piano Techniques
CONSVTY 316, Music Therapy Guitar Techniques
CONSVTY 317, Music Therapy Improvisation
CONSVTY 318, Jazz Ear Training and Listening
CONSVTY 319, Opera Role Performance
CONSVTY 325, Piano Pedagogy I
CONSVTY 325A, Piano Pedagogy - Supervised Teaching I
CONSVTY 326, Piano Pedagogy II
CONSVTY 326A, Piano Pedagogy - Supervised Teaching II
CONSVTY 329, Advanced Ear Training
CONSVTY 331, Instrumentation
CONSVTY 331A, Orchestration I
CONSVTY 333, Advanced Composition
CONSVTY 335, Electronic Music Composition
CONSVTY 341, Principles of Arts Business
CONSVTY 341A, Arts Entrepreneurship
CONSVTY 344, Anatomy for Music Therapy Practice
CONSVTY 350A, Styles and Genres in Music
CONSVTY 350B, Methods in Musicology
CONSVTY 351, History of Music in Western Civilization I
CONSVTY 352, History of Music in Western Civilization II
CONSVTY 353A, History And Development Of Jazz I
CONSVTY 353B, History and Development of Jazz II
CONSVTY 353WI, History and Development of Jazz II
CONSVTY 357, Choral Literature
CONSVTY 358, Wind Band Literature and Lab
CONSVTY 359, String Literature
CONSVTY 361, Piano Literature I
CONSVTY 362, Piano Literature II
CONSVTY 363, Music Therapy in Wellness and Intergenerational Settings
CONSVTY 364," Yeah, Yeah, Yeah: The Cultural and Musical Impact of the Beatles"
CONSVTY 367, Music Therapy Capstone
CONSVTY 368, Orchestral Literature for Trumpet
CONSVTY 369, Clinical Skills Lab
CONSVTY 370, Choral/Vocal Techniques
CONSVTY 373E, Instrumental Techniques Percussion
CONSVTY 373G, Instrumental Techniques Guitar
CONSVTY 373N, Survey Of Wind And Percussion Instruments
CONSVTY 373P, Survey Of String Instruments
CONSVTY 376, Collaborative Piano I
CONSVTY 377, Collaborative Piano II
CONSVTY 378, Instrumental Ensemble Rehearsal Techniques & Lab
CONSVTY 378L, Instrumental Ensemble Rehearsal Lab
CONSVTY 379A, Music Therapy Clinical Applications - Group Leading Techniques
CONSVTY 379B, Music Therapy Clinical Applications - Music Therapy Interventions
CONSVTY 379C, Music Therapy Clinical Applications: Music Therapy Singing Techniques
CONSVTY 379D, Music Therapy Clinical Applications - Music Therapy Repertoire
CONSVTY 380, Basic Conducting - Choral
CONSVTY 381, Basic Conducting - Instrumental
CONSVTY 382, Choral Conducting
CONSVTY 383, Instrumental Conducting
CONSVTY 385, Elementary Music Methods
CONSVTY 386, Secondary Music Methods - Instrumental
CONSVTY 387, Secondary Music Methods - Choral
CONSVTY 390, Analysis
CONSVTY 395, Clinical Foundations I
CONSVTY 396, Clinical Foundations II
CONSVTY 404, Jazz Improvisation IV
CONSVTY 405, Philosophical and Pragmatic Foundations of Music Education
CONSVTY 407, Audio Intern Program
CONSVTY 407A, Music Therapy Principles and Applications
CONSVTY 408, Music in Therapy:Adults
CONSVTY 409, Music in Therapy: Children
CONSVTY 410, Internship
CONSVTY 410A, Advanced Music Therapy Principles and Applications
CONSVTY 411A, Field Experience in Music
CONSVTY 411B, Field Experience in Music
CONSVTY 411C, Field Experience in Music
CONSVTY 412A, Student Teaching Music in Elementary School
CONSVTY 412B, Student Teaching Music in Secondary School
CONSVTY 417, Opera Workshop
CONSVTY 417E, Scene Study
CONSVTY 417F, Opera Role Preparation and Audition Techniques
CONSVTY 421A, Music Theory Review For Graduate Students
CONSVTY 421B, Aural Skills Review for Graduate Students
CONSVTY 421C, Musicianship Enrichment
CONSVTY 423, Business Jazz And Commercial Music
CONSVTY 425A, Arranging for Choral Groups
CONSVTY 425B, Arranging Instrumental
CONSVTY 426B, Jazz Arranging for Small Ensembles
CONSVTY 426D, Jazz Arranging for Big Bands
CONSVTY 427, 18th-Century Counterpoint
CONSVTY 428, Introduction to Post-Tonal Theory
CONSVTY 431, Orchestration
CONSVTY 433, Senior Composition
CONSVTY 434, Composition Capstone
CONSVTY 435, Psychological Foundations of Music
CONSVTY 437, Computer Literacy for Musicians
CONSVTY 440, Jazz Keyboard Techniques I
CONSVTY 441, Jazz Keyboard Techniques II
CONSVTY 450, Music and Film
CONSVTY 454, Advanced Seminar in Music Theory
CONSVTY 457, Vocal Literature I
CONSVTY 458, Vocal Literature II
CONSVTY 471, Jazz/Commercial Music Pedagogy
CONSVTY 490, Independent Study
CONSVTY 490C, Performing Arts Capstone
CONSVTY 491B, Pedagogical Practices I Voice
CONSVTY 491K, Pedagogy of Music Theory
CONSVTY 491N, Pedagogy of Instrumental Music
CONSVTY 497, Seminar-Workshop in Music
CONSVTY 497AR, Seminar-Workshop In Music
CONSVTY 497HDJ, Seminar-Workshop In Music
CONSVTY 497JIM, Seminar-Workshop in Music
CONSVTY 497PL, Seminar Workshop In Music
CONSVTY 498, Research Problems
CPCE 230, Effective Interpersonal Communication
CPCE 425, Positive Psychology
CJC 101, Introduction To Criminal Justice
CJC 240, Delinquency And Juvenile Justice
CJC 280, Gangs and Crime
CJC 282, Criminal Justice & Criminology in Popular Media
CJC 301, Theoretical Criminology
CJC 302, Methods of Criminological Research
CJC 303, Introduction to Statistics in Sociology and Criminal Justice
CJC 332," Race, Class and Justice"
CJC 335, Blackness as Threat
CJC 338, Immigration and Crime
CJC 351, Policing In The Community
CJC 354, Policing in America
CJC 357, Crime Scene Investigation
CJC 361, Principles & Practices of Criminal Courts
CJC 364, The Supreme Court And The Criminal Process
CJC 370, Principles Of Corrections
CJC 371, Community Corrections
CJC 381, Advocacy and Crisis Intervention
CJC 382, Human Trafficking
CJC 385, Victimology
CJC 390, New Dimensions In Criminal Justice
CJC 395, Justice-Oriented Career Mapping and Development
CJC 430," Women, Crime And Criminal Justice"
CJC 431, Hate & Bias Crimes
CJC 481, Restorative Justice
CJC 482, The Death Penalty In America
CJC 490, Directed Studies In Criminal Justice And Criminology
CJC 491, Professional Placement and Skill Enhancement
CJC 495WI, Capstone: Criminal Justice And Criminology
CJC 4EF, UL Criminal Justice Elective
EDUCC&I 497, Individual Study
DANCE 107, Dance Production I
DANCE 108, Dance Production II
DANCE 118, Analysis of Movement
DANCE 120, Ballet Pedagogy and Analysis
DANCE 141B, Ballet Technique and Theory I
DANCE 141M, Modern Dance Technique and Theory I
DANCE 142B, Ballet Technique And Theory II
DANCE 142M, Modern Dance Technique and Theory II
DANCE 213C, Men's Class I
DANCE 213D, Men's Class II
DANCE 216, Composition I
DANCE 218A, Composition II
DANCE 218B, Composition III
DANCE 241B, Ballet Technique And Theory III
DANCE 241M, Modern Dance Technique And Theory III
DANCE 242B, Ballet Technique And Theory IV
DANCE 242M, Modern Technique And Theory IV
DANCE 260, Jazz I
DANCE 261, Jazz II
DANCE 301, Dance Science and Kinesiology
DANCE 303, Pilates
DANCE 304, Fundamentals of Body Alignment and Pilates
DANCE 305, History Of Dance I
DANCE 306, History Of Dance II
DANCE 310, Conservatory Dance Ensemble
DANCE 313A, Partnering/Pas De Deux I
DANCE 313B, Partnering/Pas De Deux II
DANCE 319A, Composition IV
DANCE 319B, Advanced Choreographic Design
DANCE 341B, Ballet Technique And Theory V
DANCE 341M, Modern Dance Technique And Theory V
DANCE 342B, Ballet Technique And Theory VI
DANCE 342M, Modern Dance Technique And Theory VI
DANCE 403A, Modern Technique For Non-Majors
DANCE 404A, Ballet Technique Non-Majors I
DANCE 404B, Ballet Technique For Non-Majors II
DANCE 405A, Modern Dance Repertory I
DANCE 405B, Modern Dance Repertory II
DANCE 405C, Modern Dance Repertory III
DANCE 405D, Modern Dance Repertory IV
DANCE 413A, Advanced Pas De Deux I
DANCE 413B, Advanced Pas De Deux II
DANCE 414A, Men's Variations I
DANCE 414B, Men's Variations II
DANCE 415A, Variations I
DANCE 415B, Variations II
DANCE 416A, Dance Forms I
DANCE 416B, Dance Forms II
DANCE 441B, Ballet Technique And Theory VII
DANCE 441M, Modern Dance Technique And Theory VII
DANCE 442B, Ballet Technique And Theory VIII
DANCE 442M, Modern Dance Technique And Theory VIII
DANCE 493, Senior Capstone Project I
DANCE 494, Senior Capstone Project II
DSOM 211, Business Analytics I
DSOM 311, Business Analytics II
DSOM 326, Production/Operations Management
DSOM 340, Supply Chain and Operations Management
DSOM 346, Service Industry Analytics
DSOM 431, Quality Management and Process Improvement
DSOM 432," Spending Analytics, Contracts, and Risk Management"
DSOM 442," Logistics, Transportation, Warehousing, and Distribution"
DSOM 443, Project Management
DSOM 444, Digital Transformations and Supply Chain
DSOM 445, Strategic Sourcing and Supplier Relationship Management
DSOM 458, Data Visualization
DSOM 487, Special Topics
DENTHYG 3000, Dental Morphology And Occlusion
DENTHYG 3020, Dental Radiology
DENTHYG 3030, Introduction to Histopathology of Oral Tissues
DENTHYG 3080, Introduction to the Preventive Practice of Dental Hygiene
DENTHYG 3080L, Preclinical Dental Hygiene
DENTHYG 3200, General and Oral Pathology
DENTHYG 3210, Applied Nutrition and Biochemistry
DENTHYG 3220, Dental Biomaterials
DENTHYG 3260, Principles Of Periodontics
DENTHYG 3280C, Dental Hygiene Clinic I
DENTHYG 3285, Seminar In Dental Hygiene I
DENTHYG 3300, Radiographic Interpretation
DENTHYG 3320, Oral Health Behavior Change
DENTHYG 3340, Principles Of Public Health
DENTHYG 3620, Civic Engagement
DENTHYG 4001, Clinical Oral Radiology
DENTHYG 4020, Local Anesthesia And Pain Control
DENTHYG 4040, Introduction to Instruction
DENTHYG 4050, Periodontics II
DENTHYG 4060C, Dental Hygiene Clinic II
DENTHYG 4065, Seminar in Dental Hygiene II
DENTHYG 4080, Introduction to Research and Evidence Based Decision Making
DENTHYG 4100, Pharmacology
DENTHYG 4110, Introduction to Research Methodologies
DENTHYG 4115, Practicing in the Dental Hygiene Public Health Safety Net
DENTHYG 4120C, Dental Hygiene Clinic III
DENTHYG 4125, ECP III Training Course
DENTHYG 4130, Introduction to Instructional Technologies and Online Learning
DENTHYG 4150, Portfolio Capstone
DENTHYG 4210, Practice Management
DENTHYG 4220, Interdisciplinary Community Oral Health Field Experiences
DENTHYG 4240, Ethics In Professional Practice
DENTHYG 4260, Senior Seminar
DENTHYG 4260C, Dental Hygiene Clinic IV
DENTHYG 4340, Community Dentistry Practicum
DENTHYG 4350, Periodontal Therapy Practicum
DENTHYG 4360, Practice Management Practicum
DENTHYG 4500, Issues in Dental Hygiene
DENTHYG 4600, Scientific Inquiry in the Health Sciences
DENTHYG 4620, Introduction to Learning Theory
DENTHYG 4625, Dental Hygiene Administration
DENTHYG 4635, Practicum In Clinical Supervision
DENTHYG 4640, Student Teaching and Conference I
DENTHYG 4650, Student Teaching and Conference II
DENTHYG 4660, Independent Study in Dental Hygiene
DENTHYG 4662, Practicum in Clinical Instruction
DENTHYG 4680, Dental Hygiene Clinical Instruction I
DENTHYG 4685, Dental Hygiene Clinical Instruction II
ECON 100, Economics Explained
ECON 150," Labor, Work, Society, and Politics"
ECON 201, Principles of Macroeconomics
ECON 202, Principles of Microeconomics
ECON 301, Macroeconomic Analysis
ECON 302, Microeconomic Analysis
ECON 303H, Special Issues In Economic
ECON 314," Political Economy of Race, Class And Gender: Theory, History, And Policy"
ECON 331, Money And Banking
ECON 336, The Kansas City Economy
ECON 340, Collective Bargaining
ECON 341, Labor and Community Leadership
ECON 353, Financial Analysis And The Economy
ECON 395A, Economic Issues
ECON 402, Labor and the Global Political Economy
ECON 404R, American Economic History Since 1865
ECON 404RR, American Labor History
ECON 406WI, History Of Economic Thought
ECON 411, Geographic Information Systems (GIS) for Urban Economic Development
ECON 412, International Trade And Development
ECON 416, Law And Economics
ECON 420," Environment, Resources And Economic Growth"
ECON 421, Mathematical Economics
ECON 425, Econometrics
ECON 429," Environment, Resources And Economic Growth"
ECON 431, Monetary Theory And Policy
ECON 435, Public Finance
ECON 437, State And Local Government Finance
ECON 438, Economic Policy
ECON 442, International Finance
ECON 451, Institutional Economic Theory
ECON 458, Urban Economics
ECON 460, Industrial Organization
ECON 475, Economics Institutions and Policies
ECON 486, Labor Economics
ECON 488, Radical Political Economy
ECON 490, Readings In Economics
ECON 496, Practicum in Urban Economic Development
ECON 497, Internship
EDUC 149, Economics In The K-8 Classroom
EDUC 160, Career And Life Planning
EDUC 180, Introduction To Education
EDUC 189, Special Topics
EDUC 289, Special Topics
EDUC 389, Special Topics
EDUC 402R, Algebraic Thinking for Teachers
EDUC 414, English Language Study In Elementary And Secondary Schools
EDUC 428, Cultural Diversity And American Education
EDUC 434, Classroom Diagnosis And Correction Of Reading Problems
EDUC 440, Literature For Adolescents
EDUC 489, Special Topics
EDUC 497, Individual Study
EDUCR&P 255, Understanding Data Through Sports: Sabermetrics
E&CENGR 130, Engineering Graphics
E&CENGR 216, Engineering Computation
E&CENGR 217, Engineering Computation
E&CENGR 226, Logic Design
E&CENGR 227, Logic Design Laboratory
E&CENGR 228, Introduction to Computer Design
E&CENGR 229, Introduction to Computer Design Laboratory
E&CENGR 241, Applied Engineering Analysis I
E&CENGR 250, Engineering Mechanics and Thermodynamics
E&CENGR 276, Circuit Theory I
E&CENGR 277, Circuit Theory I Lab
E&CENGR 302, Electromagnetic Waves and Fields
E&CENGR 303, Electromagnetic Waves and Fields Lab
E&CENGR 330, Electronic Circuits
E&CENGR 331, Electronic Circuits Laboratory
E&CENGR 334, Semiconductors and Devices
E&CENGR 341R, Applied Engineering Analysis II
E&CENGR 358, Introduction to Control Systems
E&CENGR 376, Circuit Theory II
E&CENGR 377, Circuit Theory II Lab
E&CENGR 380, Signals and Systems
E&CENGR 381, Signals and Systems Lab
E&CENGR 400, Problems in Electrical and Computer Engineering
E&CENGR 401, Topics In Electrical And Computer Engineering
E&CENGR 401PQ, Topics in Electrical Engineering
E&CENGR 402, Senior Design I
E&CENGR 403, Senior Design II
E&CENGR 412, Principles of RF/Microwave Engineering
E&CENGR 414, Microwave Engineering for Wireless Systems
E&CENGR 415, Microwave Engineering for Wireless Systems Lab
E&CENGR 416, Neural and Adaptive Systems
E&CENGR 418, Introduction to Radar Systems
E&CENGR 426, Microcomputer Architecture and Interfacing
E&CENGR 427, Microcomputer Laboratory
E&CENGR 428R, Embedded Systems
E&CENGR 429, Embedded Systems Laboratory
E&CENGR 436, Power Electronics I
E&CENGR 439, Principles of Nanoscale Devices & Circuits
E&CENGR 440, Principles of Nanomanufacturing
E&CENGR 442, Introduction to VLSI Design
E&CENGR 443, Introduction to VLSI Design Laboratory
E&CENGR 453, Introduction to Wind Energy Systems
E&CENGR 455, Instrumentation and Control
E&CENGR 457, Fundamentals of Solar Photovoltaic Cells
E&CENGR 458, Automatic Control System Design
E&CENGR 459, Introduction to Photovoltaic Systems
E&CENGR 460, Introduction to Power Systems
E&CENGR 463, Advanced Sustainable Energy Systems Engineering
E&CENGR 464, Smart Grid and SCADA Systems
E&CENGR 466, Power Systems I
E&CENGR 467, Power Systems II
E&CENGR 468, Electric Power Distribution Systems
E&CENGR 473, Introduction to Power System Protection
E&CENGR 474, Introduction to Communication Systems
E&CENGR 475, Data Compression
E&CENGR 477, Introduction to Wireless Networking
E&CENGR 479, Introduction to Computer Vision
E&CENGR 480, Digital Signal Processing
E&CENGR 484, Digital Image Processing
E&CENGR 486, Pattern Recognition
E&CENGR 491, Internship
E&CENGR 497, Directed Readings
E&CENGR 499, Undergraduate Research
ENGLISH 110, Introduction to Academic Prose
ENGLISH 120, Literary Monstrosities
ENGLISH 124, Writing About Literature
ENGLISH 126, Popular Literature
ENGLISH 200, Introduction To Undergraduate Study In English
ENGLISH 207, World Literature in English
ENGLISH 213, Introduction To Drama
ENGLISH 214, Introduction To Fiction
ENGLISH 215, Introduction To Poetry
ENGLISH 216, The Craft of Creative Writing
ENGLISH 225, English II: Intermediate Academic Prose
ENGLISH 242, Women Writing/Women Reading
ENGLISH 250, Introduction to Language Acquisition and Diversity
ENGLISH 270, Writing Tutor Training Seminar
ENGLISH 273, Science Fiction
ENGLISH 278, Asian American Literature
ENGLISH 300CD, American Social Film:Silver Screen&American Dream
ENGLISH 301WI, Writing And The Academy
ENGLISH 304WI, Professional and Technical Writing
ENGLISH 305WI, Theory And Practice Of Composition
ENGLISH 307WI," Language, Literacy, Power"
ENGLISH 308, Rhetorics of New Media
ENGLISH 309WI, Rhetorics of Public Memory
ENGLISH 310, Introduction To Linguistics/Language Science
ENGLISH 311, American Literature I
ENGLISH 312, Creative Writing I Fiction
ENGLISH 315, Creative Writing Poetry
ENGLISH 316, Literary Nonfiction
ENGLISH 316WI, Literary Nonfiction
ENGLISH 317, British Literature I
ENGLISH 318, Bible As Literature
ENGLISH 320, Structure Of English
ENGLISH 321, American Literature II
ENGLISH 323, Shakespeare
ENGLISH 325, Arthurian Legends
ENGLISH 326, Modern Irish Literature
ENGLISH 327, British Literature II
ENGLISH 330, History Of The English Language
ENGLISH 331, African American Literature I
ENGLISH 332WI, Race and Literature
ENGLISH 333, African American Literature II
ENGLISH 336, Contemporary American Literature
ENGLISH 337, Introduction to American Studies
ENGLISH 342WI, Women And Rhetoric
ENGLISH 344WI, Women & Literary Culture: Genre Focus
ENGLISH 345WI, Women And Literary Culture: Historical Focus
ENGLISH 351, Special Readings
ENGLISH 355, The Novel Before 1900
ENGLISH 356, Studies in Poetry
ENGLISH 360, The Modern Novel
ENGLISH 365WI, The Novel After 1900
ENGLISH 367, Introduction to Latinx Literature
ENGLISH 380, Multimodal Writing and Rhetoric
ENGLISH 381, Composing Digital Environments
ENGLISH 400TC, Advanced Studies in 20-21st Century Works
ENGLISH 404, Old English
ENGLISH 405, Magazine Editing
ENGLISH 412, Chaucer
ENGLISH 418, 19th-Century American Literature
ENGLISH 430WI, Technical Communication
ENGLISH 433," Histories Of Writing, Reading, And Publishing"
ENGLISH 441," Girls, Literacies, and Print Culture"
ENGLISH 442, Playwriting I
ENGLISH 443, Playwriting II
ENGLISH 447, Theory and Criticism in English Studies
ENGLISH 448, External Internship
ENGLISH 449A, Publication Practicum
ENGLISH 449B, Publication Practicum
ENGLISH 449C, Publication Practicum
ENGLISH 450, Special Readings
ENGLISH 464, Paleography
ENGLISH 470, Introduction To Descriptive Linguistics
ENGLISH 477CS, Classical Studies
ENGLISH 477DH, Studies in Digital Humanities
ENGLISH 477EM, Early Modern Studies
ENGLISH 477ES, 18th-Century Studies
ENGLISH 477MS, Medieval Studies
ENGLISH 477NS, 19th-Century Studies
ENGLISH 477RC, Studies in Rhetoric and Composition
ENGLISH 477SA, Studies in Authorship
ENGLISH 477SG, Studies in Genre
ENGLISH 477TS, 20th- and 21st-Century Studies
ENGLISH 487FI, Creative Writing Workshop
ENGLISH 487MG, Multigenre Workshop
ENGLISH 487NF, Nonfiction Workshop
ENGLISH 487PO, Creative Writing Workshop
ENGLISH 499, Senior Tutorial
ENT 215, Introduction to Entrepreneurship
ENT 301, Entrepreneurship Toolkit
ENT 315, Entrepreneurial Mindset and Opportunity Recognition
ENT 326," Creativity, Innovation, and Problem Solving"
ENT 327, Designing the Business Model
ENT 329, Entrepreneurship Scholars
ENT 341, Technology Entrepreneurship
ENT 361, New Product Development
ENT 364, Entrepreneurial Management and Innovation
ENT 412, Entrepreneurial Finance
ENT 421, Real Estate Finance Fundamentals
ENT 461, Social Entrepreneurship
ENT 462, Entrepreneurial Experience
ENT 487, Special Topics
ENT 496, Internship: Entrepreneurship
ENT 497, Special Topics: Entrepreneurship
ENVSCI 110L, Understanding the Earth Laboratory
ENVSCI 110R, Understanding the Earth: Introduction to Environmental Science and Laboratory
ENVSCI 210, Issues in Environmental Science
ENVSCI 321, Climate Change Impact Assessment and Policy Response
ENVSCI 332CZ, Environmental  Sustainability
ENVSCI 449, Global Water and Sustainability
ENVSCI 496, Environmental Internship
ENVSTDY 325, Cultural Perspectives on the Environment
ENVSTDY 412, Global Tourism
ENVSTDY 450, Ecotoxicology
ENVSTDY 499WI, Environmental Studies Practicum
EUPHNM 100A, Preparatory Applied Study
EUPHNM 100B, Applied Study of a Second Instrument
EUPHNM 100C, Applied Study for the Non-Music Major.
EUPHNM 101, Freshman Euphonium I
EUPHNM 102, Freshman Euphonium II
EUPHNM 201, Sophomore Euphonium I
EUPHNM 202, Sophomore Euphonium II
EUPHNM 300, Studio Class
EUPHNM 301, Junior Euphonium I
EUPHNM 302, Junior Euphonium II
EUPHNM 401, Senior Euphonium I
EUPHNM 402, Senior Euphonium II
FILM 230, Introduction to Film Studies
FILM 250, Introduction to Film and Video Production
FILM 300, Ancient World in Cinema
FILM 310, Story Development
FILM 323, Concepts of the Hero in Ancient Literature and World Cinema
FILM 338, Film Adaptation
FILM 339, Introduction to Film Theory
FILM 345, German Film
FILM 346, Art of the Short Film
FILM 347, Topics in Film Genre
FILM 354, Introduction to Screenwriting
FILM 373, Intermediate Media Production
FILM 376, History Of The Film Industry
FILM 379, African American Images in Film
FILM 381, Narrative Production
FILM 384, Documentary Film History
FILM 385, Documentary Production
FILM 386, Animation
FILM 392, Topics in World Cinema
FILM 393, Topics in Sound & Cinema
FILM 394, Topics in Gender and Cinema
FILM 400, Special Topics in Film
FILM 401, Special Studies in Film Studies
FILM 402, Special Studies in Film Production
FILM 454, Advanced Screenwriting
FILM 457, Client-Based Media Production
FILM 471, Advanced Media Production
FILM 473, Directing Actors and Scenes
FILM 498, Internship
FIN 325, Financial Management
FIN 326, Financial Management 2
FIN 340, Financial Markets and Institutions
FIN 345, Investments
FIN 350, Introduction to Risk Management and Insurance
FIN 369, Payment Systems
FIN 419, Financial Statement Analysis
FIN 425, Financial Services Marketing and Relationship Management
FIN 426, Credit Analysis
FIN 428, Commercial Bank Management
FIN 435, Advanced Corporate Finance
FIN 445, Advanced Investments
FIN 487, Special Topics
FIN 496, Internship: Finance
FIN 497, Special Topics: Finance
FLUTE 100A, Preparatory Applied Study
FLUTE 100B, Applied Study of a Second Instrument
FLUTE 100C, Applied Study for the Non-Music Major
FLUTE 101, Freshman Flute I
FLUTE 102, Freshman Flute II
FLUTE 201, Sophomore Flute I
FLUTE 202, Sophomore Flute II
FLUTE 300, Studio Class
FLUTE 301, Junior Flute I
FLUTE 302, Junior Flute II
FLUTE 401, Senior Flute I
FLUTE 402, Senior Flute II
FRNLNG 180, Special Elementary Foreign Languages Topics I
FRNLNG 190, Special Elementary Foreign Languages Topics II
FRNLNG 230, Themes in World Cultures
FRNLNG 231, Themes in World Languages
FRNLNG 280, Special Intermediate Foreign Languages Topics I
FRNLNG 302, Love and Death in European Medieval Literature
FRNLNG 380, Special Topics
FRNLNG 459, Foreign Languages Teacher Education Seminar
FRNLNG 470A, Internship in Foreign Languages
FRNLNG 470B, School/Education Related Internship in Foreign Languages
FRNLNG 480, Special Topics
FRNLNG 494, Methods of Teaching Foreign Languages
FRENCH 110, Elementary French I
FRENCH 114, French Grammar Lab
FRENCH 120, Elementary French II
FRENCH 211, Second Year French I
FRENCH 221, Second Year French II
FRENCH 280, Special Intermediate French Topics I
FRENCH 315, Intermediate Composition and Conversation I
FRENCH 325, Intermediate Conversation and Composition II
FRENCH 351, Introduction to French Phonetics
FRENCH 377FC, French and Francophone Civilization
FRENCH 377LC, Introduction to French and Francophone Literature & Culture
FRENCH 380, Special Topics
FRENCH 415, Advanced Conversation and Composition I
FRENCH 477EC, French & Francophone Literature & Culture: Enlightenment to Contemporary
FRENCH 477LC, Themes in French and Francophone Literature & Culture
FRENCH 477LL, French Language & Linguistics
FRENCH 477ME, French & Francophone Literature & Culture: Medieval to Enlightenment
FRENCH 480, Special Topics
FRENCH 490, Special Readings
GECDV 201, Culture and Diversity
GECDV 202," Investigating Identity, Power, and Change"
GECDV 203, The Americas in America
GECDV 204, The Artist in Society
GECDV 205, Race in American Film
GECDV 206," Exploring Intersectionality: Understanding Race, Class, Gender, and Sexuality"
GECDV 207, Sexuality Across the Lifespan
GECDV 208, Understanding Culture and Diversity through Study Abroad
GECDV 209," Streets, Sewers, and Social Justice"
GECDV 210, We Shall All Overcome: Civil Rights Movements in Contemporary America
GEOG 105, Introduction to the Elements of Geography
GEOG 150, Introduction to Physical Geography
GEOG 200, World Geography I
GEOG 202, World Geography II
GEOG 203, Introduction to Geographic Information Systems
GEOG 215, Weather and Climate
GEOG 309, Urban Geography
GEOG 314, Principles of Geomorphology
GEOG 360, Principles of Biogeography
GEOG 398, Field Trip
GEOG 401, Advanced Geographic Information Science
GEOG 402, Environmental Remote Sensing and Digital Image Analysis
GEOG 403WI, History and Philosophy of Geoscience
GEOG 406, Global Environmental Change
GEOG 417, Special Topics
GEOG 426, Paleoecology: Microfossils and Climate Change
GEOG 444, Spatial Data Analysis
GEOG 448, Satellite Climatology
GEOG 450, Gis Fundamentals for Research Applications
GEOG 496, Geography Internship
GEOLOGY 220, General Geology
GEOLOGY 220L, General Geology Laboratory
GEOLOGY 250L, Field Methods in Earth and Environmental Science
GEOLOGY 251L, Field Methods in Earth and Environmental Science: Off-Campus
GEOLOGY 313, Evolution and the Geologic Record
GEOLOGY 322, Earth Materials
GEOLOGY 325, Sedimentology/Stratigraphy
GEOLOGY 335, Introduction to Waste Management
GEOLOGY 350, Earth Structures and Tectonics
GEOLOGY 370R, Hydrogeology
GEOLOGY 416, Understanding and Living with Volcanoes
GEOLOGY 434, Hazardous Waste Operations Management
GEOLOGY 441, Environmental Geophysics
GEOLOGY 456, Field Methods in 3D Imaging of the Environment
GEOLOGY 460, Introduction to Geochemistry
GEOLOGY 471, Tectonics
GEOLOGY 472, Earthquake Geology
GEOLOGY 490, Geology Field Camp
GEOLOGY 498, Undergraduate Field Research
GERMAN 110, Elementary German I
GERMAN 120, Elementary German II
GERMAN 211, Second-Year German I
GERMAN 221, Second-Year German II
GERMAN 315, Intermediate Conversation and Composition I
GERMAN 325, Intermediate Conversation and Composition II
GERMAN 344, Scandinavian Film
GERMAN 415, Advanced Conversation and Composition I
GERMAN 480, Special Topics
GERMAN 490, Special Readings
GREEK 110, Elementary Ancient Greek I
GREEK 120, Elementary Ancient Greek II
GREEK 211, Intermediate Ancient Greek I
GUITAR 100A, Preparatory Applied Study
GUITAR 100B, Applied Study of a Second Instrument
GUITAR 100C, Applied Study for the Non-Music Major
GUITAR 101, Freshman Guitar I
GUITAR 101J, Freshman Guitar I (Jazz)
GUITAR 102, Freshman Guitar II
GUITAR 102J, Freshman Guitar II (Jazz)
GUITAR 201, Sophomore Guitar I
GUITAR 201J, Sophomore Guitar I (Jazz)
GUITAR 202, Sophomore Guitar II
GUITAR 202J, Sophomore Guitar II (Jazz)
GUITAR 300, Studio Class
GUITAR 301, Junior Guitar I
GUITAR 301J, Junior Guitar I (Jazz)
GUITAR 302, Junior Guitar II
GUITAR 302J, Junior Guitar II (Jazz)
GUITAR 401, Senior Guitar I
GUITAR 401J, Senior Guitar I (Jazz)
GUITAR 402, Senior Guitar II
GUITAR 402J, Senior Guitar II (Jazz)
HLTHADM 471, Financial Management Issues of Health and Human Services Organizations
HLTHADM 473, Health and Social Equity
HLTHADM 477, Leadership and Management in Health Care Organizations
HLTHADM 480, The Economics of Health and Medicine
HLTHADM 481, Health Policy in the United States
HLTHADM 487, Special Topics
HLTHADM 496, Internship: Health Administration
HLTHADM 497, Special Topics: Health Administration
HLSC 100, Student Success Strategies
HLSC 101, Introduction to Health Sciences
HLSC 110, Personal Wellness
HLSC 120, Anatomy & Physiology I
HLSC 125, Medical Terminology
HLSC 160, Anatomy and Physiology II
HLSC 200, First Aid / CPR
HLSC 230, Health Issues in Aging
HLSC 252, Human Growth and Development
HLSC 255, Spanish for Health Care Pre-Professionals
HLSC 300, Diversity in Health
HLSC 310, Healthcare Systems
HLSC 315, Health Literacy
HLSC 323, Bluford Healthcare Leadership Institute Phase I
HLSC 325, Human Sexuality
HLSC 345, Quantitative Analysis in the Health Sciences
HLSC 403A, Comparative Weight Loss I
HLSC 403B, Comparative Weight Loss II
HLSC 403C, Comparative Weight Loss 3
HLSC 404, Introduction to Social Justice
HLSC 408," Gender, Health and Development in Senegal"
HLSC 410, Epidemiology
HLSC 417, Information Systems and Technology for Improved Health Care
HLSC 419, Introduction to Social Epidemiology
HLSC 423, Bluford Healthcare Leadership Institute Phase II
HLSC 430, Health Program Management
HLSC 440, Ethics and Policy of Public Health Promotion
HLSC 450, Urban Health
HLSC 460, Global Health
HLSC 470," Technology, Marketing and Media in Health"
HLSC 476, Research Methods in Health Sciences
HLSC 480, Leadership and Management in Health Professions
HLSC 490, Special Topics
HLSC 492, Health Sciences Specialty Course
HLSC 494, Health Science Internship
HISTORY 101, U.S. History to 1877
HISTORY 102, U.S. History Since 1877
HISTORY 201, European History to 1600
HISTORY 202, European History since 1600
HISTORY 206, World History To 1450
HISTORY 208, World History since 1450
HISTORY 215, Getting High: Alcohol & Drugs in American History
HISTORY 300AM, Special Studies in Antiquity and Medieval History
HISTORY 300EM, Special Studies in Early and Modern European History
HISTORY 300HW, Special Studies in World History
HISTORY 300P, Special Studies
HISTORY 300PH, Special Studies in Public History
HISTORY 300US, Special Studies in United States History
HISTORY 300WY, Decade of Dissent: The 1960s
HISTORY 301WI, Historiography and Method
HISTORY 302," Colonial North America, 14921763"
HISTORY 303," The American Revolution, 1763-1789"
HISTORY 304," The Early American Republic, 17891850"
HISTORY 306," America, 1850-1877: Civil War and Reconstruction"
HISTORY 306A, History of Christianity to the Middle Ages
HISTORY 307A, History of Christianity from the Middles Ages to Present
HISTORY 309, World War II Film and Propaganda
HISTORY 334, History of Technology
HISTORY 343, Oral History
HISTORY 348, Missouri/Kansas Border Wars
HISTORY 349, Civil War in Memory and Film
HISTORY 356, Rise of the City in the U.S.
HISTORY 356R, Kansas City: History of a Regional Metropolis
HISTORY 357, The American West
HISTORY 358, History of the Early American South
HISTORY 363, Military History of the U.S.
HISTORY 365A, American Environmental History
HISTORY 366RR, American Labor History
HISTORY 369, Women in Early America
HISTORY 371, American History Through Film
HISTORY 375, Success and Failure in Nineteenth Century America
HISTORY 379," Museums, Monuments, and American Life: An Introduction to Public History"
HISTORY 391, Archival Methods
HISTORY 392A, Archival Internship
HISTORY 392B, Public History Internship
HISTORY 392C, History Internship
HISTORY 394, African American History Before 1877
HISTORY 395, African American History Since 1877
HISTORY 398, Black Civil Rights in the 20th and 21st Centuries
HISTORY 400, Special Studies
HISTORY 400WI, Special Studies
HISTORY 404," Women, Gender and Sexuality in Latin America"
HISTORY 405, Colonial Latin America (From the Encounter to the Early 19th Century)
HISTORY 406, Modern Latin America
HISTORY 407, Latin American Crises and Opportunities
HISTORY 411A, Medieval Civilization I
HISTORY 411B, Medieval Civilization II
HISTORY 412A, Women and Gender in the Middle Ages
HISTORY 413, Renaissance
HISTORY 414, Reformation
HISTORY 416R, The French Revolution and Napoleon
HISTORY 420CC, World War I in Film: The World made Modern
HISTORY 430RA, World War One through its Artifacts
HISTORY 431R," History of the British Isles, ca. 500 to 1500"
HISTORY 432R," Tudor England, 1485-1603"
HISTORY 433R, History of Britain 1603-1832
HISTORY 436WI, Comparative Histories of Modern Germany
HISTORY 464, Paleography
HISTORY 470, Ancient Egypt
HISTORY 471, Ancient Greece
HISTORY 472, Ancient Rome
HISTORY 474, Late Antiquity: The Transformation of the Mediterranean World (200600 AD)
HISTORY 476, Medieval Jewish History
HISTORY 494, Public History and New Media
HISTORY 496, Historical Research Project
HISTORY 498WI, Senior Capstone
HONORS 215, Researching Kansas City
HONORS 230, Honors American Government
HONORS 330, Senior Honors Thesis/Project Practicum
HONORS 350, Honors Tutorial
HONORS 360A, Social Justice and Cultural Awareness
HONORS 360B, Environmental Sustainability
HONORS 360C, Leadership and Ethics
HONORS 360D, Kansas City History and Urban Engagement
HONORS 490, Special Topics
HONORS 495A, Senior Thesis-Criminal Justice and Criminology
HONORS 495AA, Senior Thesis Anthropology
HONORS 495B, Senior Thesis-Art History
HONORS 495C, Senior Thesis Biology
HONORS 495D, Senior Thesis-Chemistry
HONORS 495E, Senior Thesis-Communication Studies
HONORS 495EE, Senior Thesis-Electrical and Computer Engineering
HONORS 495F, Senior Thesis-Economics
HONORS 495G, Senior Thesis-English
HONORS 495H, Senior Thesis-Foreign Languages
HONORS 495I, Senior Thesis-Geosciences
HONORS 495J, Senior Thesis-History
HONORS 495L, Senior Thesis-Mathematics
HONORS 495M, Senior Thesis - Business
HONORS 495ME, Senior Thesis-Medicine
HONORS 495N, Senior Thesis-Philosophy
HONORS 495NH, Senior Thesis-Health Sciences
HONORS 495NN, Senior Thesis-Nursing
HONORS 495O, Senior Thesis-Political Science
HONORS 495P, Senior Thesis-Psychology
HONORS 495PA, Senior Thesis-Public Administration
HONORS 495Q, Senior Thesis-Sociology
HONORS 495R, Senior Thesis-Theatre
HONORS 495S, Senior Thesis-Education
HONORS 495U, Senior Thesis-Classics/Ancient Studies
HONORS 495V, Senior Thesis-Physics
HONORS 495X, Senior Thesis-Music
HONORS 496, Honors Internship
HONORS 496A, Honors Internship
HONORS 499, Senior Thesis/Project Writing Group
HORN 100A, Preparatory Applied Study
HORN 100B, Applied Study of a Second Instrument
HORN 100C, Applied Study for the Non-Music Major
HORN 101, Freshman Horn I
HORN 102, Freshman Horn II
HORN 201, Sophomore Horn I
HORN 202, Sophomore Horn II
HORN 300, Studio Class
HORN 301, Junior Horn I
HORN 302, Junior Horn II
HORN 401, Senior Horn I
HORN 402, Senior Horn II
INFOTEC 222, Multimedia Production and Concepts
INFOTEC 321, Introduction to Computing Resources Administration
INFOTEC 372, Database Administration
INFOTEC 426, Practical Network Security
INFOTEC 429, Introduction to Cybersecurity
INFOTEC 490, Special Topics
INFOTEC 490DC, Introduction to Data Compression
INFOTEC 491, Internship
INTGR 200, Intermediate Pre-Hospital Life Support
INTGR 200L, Intermediate Pre-Hospital Life Support Laboratory
INTGR 201, Advanced Pre-Hospital Life Support I
INTGR 202, Advanced Pre-Hospital Life Support II
ITALIAN 110, Elementary Italian I
ITALIAN 120, Elementary Italian II
ITALIAN 211, Second Year Italian I
ITALIAN 221, Second Year Italian II
ITALIAN 280, Special Intermediate Italian Topics I
LATIN 110, Elementary Latin I
LATIN 120, Elementary Latin II
LATIN 211, Second Year Latin Readings I
LIFESCI 201, Careers in Health I
LIFESCI 202, Careers in Health II
LIFESCI 310, Fundamentals of Medicine I
LIFESCI 320, Fundamentals of Medicine II
LIFESCI 330, Fundamentals of Medicine III
LIFESCI 340, Fundamentals of Medicine IV
LIFESCI 399, Introduction to Research
LIFESCI 497, Directed StudiesBiological Sciences
LIFESCI 497A, Directed Studies-Bioinformatics
LIFESCI 497B, Directed Studies-Genetics
LIFESCI 497BB, Directed Studies: Behavioral Biology
LIFESCI 497C, Directed Studies-Microbiology
LIFESCI 497D, Directed Studies-Physiology
LIFESCI 497E, Directed Studies - Biochemistry
LIFESCI 497F, Directed Studies - Biophysics
LIFESCI 497G, Directed Studies-Cell Biology
LIFESCI 497H, Directed Studies - Neuroscience
LIFESCI 497I, Directed Studies-Botany
LIFESCI 497J, Directed Studies-Zoology
LIFESCI 497K, Directed Studies - Ecology
LIFESCI 497L, Directed Studies - Biological Sciences
LIFESCI 497P, Directed Studies - Biotechnology
LIFESCI 497WI, Directed StudiesBiological Sciences
LIFESCI 499, Undergraduate Research-Biological Sciences
LIFESCI 499A, Undergraduate Research-Bioinformatics
LIFESCI 499B, Undergraduate Research-Genetics
LIFESCI 499C, Undergraduate Research-Microbiology
LIFESCI 499D, Undergraduate Research-Physiology
LIFESCI 499E, Undergraduate Research-Biochemistry
LIFESCI 499F, Undergraduate Research- Biophysics
LIFESCI 499G, Undergraduate Research-Cell Biology
LIFESCI 499H, Undergraduate Research-Neuroscience
LIFESCI 499I, Undergraduate Research-Botany
LIFESCI 499J, Undergraduate Research-Zoology
LIFESCI 499K, Undergraduate Research-Ecology
LIFESCI 499L, Undergraduate Research-Biological Sciences
LIFESCI 499M, Undergraduate Research-Biological Sciences Honors
LIFESCI 499P, Undergraduate Research-Biotechnology
LIFESCI 499WI, Undergraduate Research-Biological Sciences
LSANATO 219, Functional Anatomy I
LSANATO 219L, Functional Anatomy I Laboratory
LSBIOC 341, Basic Biochemistry
LSBIOC 360, Biochemistry
LSBIOC 370, Pharmacy Biochemistry
LSMCRB 114L, Introductory Microbiology Laboratory
LSMCRB 121, Human Biology III (Microbiology)
LSMCRB 121L, Human Biology III (Microbiology) Lab
LSMCRB 4180, Microbiology
LSMCRB 431, Virology
LSPHYS 217, Human Physiology
LSPHYS 3070, Oral Physiology
LSPHYS 399, Pharmacy Physiology I
LSPHYS 400, Pharmacy Physiology II
LSPHYS 401, Physiology Lecture
MGT 100, Foundations of Business
MGT 256, Legal and Regulatory Contexts of Organizations
MGT 301, Effective Business Communication
MGT 330, Understanding the Individual in the Organization
MGT 332, Principles of Organizational Behavior
MGT 337, Human Resource Management
MGT 347, Employee Staffing
MGT 357, Employee Training and Development
MGT 360, Groups and Teams
MGT 367, Human Resource Analytics
MGT 370, International Management
MGT 372, Ethics and Leadership
MGT 374, Leading a Positive Workplace
MGT 375, Global Mindset for Managers
MGT 377, Total Rewards Management
MGT 410, Corporate Social Responsibility
MGT 470, International Study in Business
MGT 471, Strategic Management
MGT 487, Special Topics
MGT 496, Internship: Management
MGT 497, Special Topics: Management
MIS 202, Computer Applications In Management
MIS 402, Information Management
MIS 459, Data Wrangling
MIS 487, Special Topics
MIS 496, Internship: Management Information Systems
MIS 497, Special Topics: Management Information Systems
MKT 324, Principles of Marketing
MKT 335, Customer Insights
MKT 348, Marketing Research
MKT 390, Customer Data Analytics
MKT 418, Advertising and Branding
MKT 420, Sales Management
MKT 430, Personal Selling
MKT 442, Social Media and Mobile Marketing
MKT 465, Introduction to Retailing and Pricing
MKT 480, Strategic Marketing
MKT 487, Special Topics
MKT 496, Internship: Marketing
MKT 497, Special Topics: Marketing
MATH 109, Precalculus Algebra Fundamentals
MATH 110, Precalculus Algebra
MATH 116, Mathematics For Liberal Arts
MATH 120, Precalculus
MATH 125, Trigonometry
MATH 206, Brief Calculus And Matrix Algebra
MATH 210, Calculus I
MATH 220, Calculus II
MATH 250, Calculus III
MATH 266, Accelerated Calculus I
MATH 268, Accelerated Calculus II
MATH 300, Linear Algebra I
MATH 301, On Solid Ground: Sets and Proof
MATH 314, Graph Theory with Applications
MATH 345, Ordinary Differential Equations
MATH 345L, Ordinary Differential Equations Lab
MATH 401, Data-Driven Modeling
MATH 402, Advanced Analysis I
MATH 406, Partial Differential Equations
MATH 407, Introduction to Complex Variables
MATH 410, Abstract Algebra
MATH 412, Advanced Analysis II
MATH 420, Linear Algebra II
MATH 434, Scientific Computing
MATH 464WI, History of Mathematics
MATH 469, Mathematical Modeling
MATH 490, Special Topics
MATH 496, Internship/Practical Training in Mathematics or Statistics
MECENGR 130, Engineering Graphics
MECENGR 131, Engineering Graphics-3D design
MECENGR 219, Computer Programming for Engineers
MECENGR 270, Engineering Analysis I
MECENGR 272, Engineering Analysis
MECENGR 285, Engineering Dynamics
MECENGR 299, Engineering Thermodynamics
MECENGR 306, Numerical Analysis
MECENGR 324, Engineering Materials
MECENGR 324L, Engineering Materials Lab
MECENGR 351, Fluid Mechanics
MECENGR 352, Mechanical Instrumentation Lab
MECENGR 356, Mechanical Component Design
MECENGR 360, Applied Thermodynamics
MECENGR 380, Manufacturing Methods
MECENGR 385, System Dynamics
MECENGR 399, Heat Transfer
MECENGR 399L, Heat Transfer and Fluids Lab
MECENGR 400, Problems
MECENGR 406, Introduction to Biomaterials
MECENGR 407, Advanced Dynamics and Modeling
MECENGR 411, Introduction to Biomechanics
MECENGR 412, Biodynamics
MECENGR 413, Experimental Biomechanics of Human Motion
MECENGR 414, Material Science for Advanced Applications
MECENGR 415, Control Systems Theory
MECENGR 416, Biomedical Device Design
MECENGR 420, Human Powered Vehicle Design Lab
MECENGR 424, Non-Metallic Engineering Materials
MECENGR 425, Failure Analysis
MECENGR 426, Introduction to Manufacturing Management
MECENGR 429, Additive Manufacturing
MECENGR 440, Heating Ventilation and Air Conditioning
MECENGR 441, Intermediate Fluid Mechanics
MECENGR 444, Composite Materials
MECENGR 451, Power Plant Design
MECENGR 452, Advanced Mechanics of Materials
MECENGR 454, Power Generation Systems
MECENGR 455, Digital Control of Mechanical Systems
MECENGR 457, Mechatronic System Design
MECENGR 458, Modern Control Systems
MECENGR 459, Robotics and Unmanned Systems
MECENGR 460, Electromechanical Conversion
MECENGR 462, Applied Computational Fluid Dynamics
MECENGR 464, Turbomachines
MECENGR 466, Applied Optimization and Decision Modeling
MECENGR 467, Fuel Cells and Renewable Energy Systems
MECENGR 470, Experimental Design & Analysis
MECENGR 484, Vibration Analysis
MECENGR 486, Applied Finite Element Analysis
MECENGR 491, Internship
MECENGR 492, Mechanical Design Synthesis I
MECENGR 493, Intermediate Dynamics
MECENGR 494, Robotic System Identification
MECENGR 496WI, Mechanical Design Synthesis
MILSCI 102, Leadership Practicum
MILSCI 112, Leadership Practicum
MILSCI 116, Foundations of Officership
MILSCI 126, Basic Leadership
MILSCI 202, Leadership Practicum
MILSCI 212, Leadership Practicum
MILSCI 216, Individual Leadership Series
MILSCI 226, Leadership and Teamwork
MILSCI 302, Leadership Practicum
MILSCI 312, Leadership Practicum
MILSCI 316, Leadership and Problem Solving
MILSCI 326, Leadership and Ethics
MILSCI 397, US Military History
MILSCI 402, Leadership Practicum
MILSCI 412, Leadership Practicum
MILSCI 416, Leadership And Management
MILSCI 426, Officership
MILSCI 497, Leadership And Management Practicum - Directed Study
NATSCI 171, Physics For Future Presidents
NATSCI 375P, Nature Of Science
NATSCI 425P, Introduction To Quantitative Methods
NURSE 101, Introduction to Nursing
NURSE 120, Anatomy & Physiology I
NURSE 125, Medical Terminology
NURSE 127, Drug Calculations
NURSE 160, Anatomy and Physiology II
NURSE 220, Fundamental Concepts & Skills
NURSE 230, Health In Aging
NURSE 250, Health Assessment for Nursing Practice
NURSE 252, Human Growth and Development
NURSE 255, Spanish for Health Care Pre-Professionals
NURSE 256, Pharmacology
NURSE 262, Management of Adult Health I
NURSE 315, Health Literacy
NURSE 326, Applied Physiology
NURSE 342, Legal & Ethical Issues
NURSE 345, Quantitative Analysis In The Health Sciences
NURSE 360, Management of Mental Health
NURSE 362, Management of Adult Health II
NURSE 364, Management of Maternal & Family Health
NURSE 366, Management of Child & Adolescent Health
NURSE 395, Pathophysiology
NURSE 401, Health Assessment for Clinical Practice
NURSE 403A, Comparative Weight Loss I
NURSE 403B, Comparative Weight Loss II
NURSE 403C, Comparative Weight Loss 3
NURSE 404, Introduction to Social Justice
NURSE 408," Gender, Health and Development in Senegal"
NURSE 417, Information Systems and Technology for Improved Health Care
NURSE 419, Introduction to Social Epidemiology
NURSE 462, Special Topics
NURSE 465, Management of Community and Public Health Nursing
NURSE 467, Management of Critical & Emergent Care
NURSE 468, Effectiveness in Complex Health Systems
NURSE 472, Clinical Internship
NURSE 476, Research Methods in Health Sciences
NURSE 481, Block I: Tools for Personal Effectiveness
NURSE 482, Block II: Tools for Interpersonal Effectiveness
NURSE 483, Block III: Effectiveness in Human Health Outcomes
NURSE 484, Block IV: Effectiveness in Complex Health Systems
NURSE 485, Application to Practice I
NURSE 486, Application to Practice II
NURSE 490, Special Topics
NURSE 490AP2, Special Topics
OBOE 100A, Preparatory Applied Study
OBOE 100B, Applied Study of a Second Instrument
OBOE 100C, Applied Study for the Non-Music Major
OBOE 101, Freshman Oboe I
OBOE 102, Freshman Oboe II
OBOE 201, Sophomore Oboe I
OBOE 202, Sophomore Oboe II
OBOE 300, Studio Class
OBOE 301, Junior Oboe I
OBOE 302, Junior Oboe II
OBOE 368, Instrumental Ensemble Excerpts
OBOE 401, Senior Oboe I
OBOE 402, Senior Oboe II
PERCSN 100A, Preparatory Applied Study
PERCSN 100B, Applied Study of a Second Instrument
PERCSN 100C, Applied Study for the Non-Music Major
PERCSN 101, Freshman Percussion I
PERCSN 101J, Freshman Percussion I (Jazz)
PERCSN 102, Freshman Percussion II
PERCSN 102J, Freshman Percussion II (Jazz)
PERCSN 201, Sophomore Percussion I
PERCSN 201J, Sophomore Percussion I (Jazz)
PERCSN 202, Sophomore Percussion II
PERCSN 202J, Sophomore Percussion II (Jazz)
PERCSN 300, Studio Class
PERCSN 301, Junior Percussion I
PERCSN 301J, Junior Percussion I (Jazz)
PERCSN 302, Junior Percussion II
PERCSN 302J, Junior Percussion II (Jazz)
PERCSN 401, Senior Percussion I
PERCSN 401J, Senior Percussion I (Jazz)
PERCSN 402, Senior Percussion II
PERCSN 402J, Senior Percussion II (Jazz)
PHILOS 210, Introduction to Philosophy
PHILOS 221, Contemporary Moral Issues
PHILOS 222, Foundations Of Logic and Scientific Reasoning
PHILOS 234, Friendship and Flourishing
PHILOS 250, Special Readings In Philosophy
PHILOS 310WI, Ancient Philosophy
PHILOS 320WI, History of Modern Philosophy
PHILOS 321, Ethics
PHILOS 325, Aesthetics
PHILOS 329, American Philosophy
PHILOS 332, Existentialism
PHILOS 333, Social And Political Philosophy
PHILOS 335, Mind and Mindfulness
PHILOS 337, Philosophy Of History
PHILOS 340, Philosophy Of Law
PHILOS 342, Buddhist Philosophy
PHILOS 347WI, Feminist Philosophy
PHILOS 348WI, Philosophy of Love
PHILOS 370, Environmental Ethics And Policy
PHILOS 430WI, Plato
PHILOS 431, Aristotle
PHILOS 448, Professional Ethics
PHILOS 450WI, Ethics and Government
PHILOS 451, Bioethics
PHILOS 454, Reproductive Ethics
PHILOS 480, Selected Topics
PHILOS 480A, Selected Topics
PHILOS 480B, Selected Topics
PHILOS 480E, Selected Topics
PHILOS 490, Special Topics And Readings
PHILOS 490B, Special Topics And Readings
PHILOS 490F, Special Topics and Readings
PHYSED 106, Badminton
PHYSED 125, Golf
PHYSED 157, Weight Training
PHYSED 158, Advanced Weight Training
PHYSED 174, Cross Training
PHYSED 175, Personal Fitness
PHYSED 175L, Lifetime Fitness Lab
PHYSED 180, Beginning Swimming
PHYSED 181, Fitness Swimming
PHYSED 189, Special Topics: Activity
PHYSED 189AY, Special Topics:Activity
PHYSED 189BE, Special Topics:  Activity
PHYSED 189YO, Special Topics:  Activity
PHYSED 203, Aquatic Skills And Teaching Techniques
PHYSED 206, First Aid And Safety
PHYSED 207, Outdoor And Leisure Pursuits
PHYSED 212, Self Defense
PHYSED 300, Mechanical Analysis of Human Movement
PHYSED 300L, Mechanical Analysis of Human Movement Lab
PHYSED 312, Physical Education For Elementary Schools
PHYSED 312L, Laboratory Experiences in Physical Educ for the Elementary School
PHYSED 323, Nutrition for Fitness and Sport
PHYSED 350, Physiology of Sport and Exercise
PHYSED 350L, Physiology of Sport and Exercise Lab
PHYSED 361WI, Sociology of Sport and Exercise
PHYSED 370, Psychology of Sport and Exercise
PHYSED 389, Special Topics In Health And Physical Education
PHYSED 391, Fitness Assessment and Exercise Prescription
PHYSED 401, Teaching Healthy Behaviors in the Schools
PHYSED 401L, Health Teaching In The Schools Lab
PHYSED 499, Internship
PHYSCI 110, Foundations Of Physical Sciences I
PHYSCI 110L," Foundations Of Physical Sciences, Laboratory I"
PHYSCI 171, Physics For Future Presidents
PHYSCI 410A, Selected Topics In Contemporary Science
PHYSCI 435, Selected Topics In The History Of Science
PHYSICS 130, Physics of Sports
PHYSICS 131L, Backyard Physics
PHYSICS 140, How Things Work
PHYSICS 140L, How Things Work Laboratory
PHYSICS 210, General Physics I
PHYSICS 220, General Physics II
PHYSICS 240, Physics For Scientists and Engineers I
PHYSICS 250, Physics For Scientists and Engineers II
PHYSICS 310, Mechanics I
PHYSICS 311, Mechanics II
PHYSICS 330, Methods Of Theoretical Physics I
PHYSICS 342, Physics of Science Fiction
PHYSICS 350, Modern Physics With Engineering Applications
PHYSICS 353, Practical Astronomy
PHYSICS 355, Stellar Astrophysics
PHYSICS 356, Galaxies
PHYSICS 385L, Physics of Electronics
PHYSICS 395L, Computer Interfacing Laboratory
PHYSICS 410, Thermal Physics
PHYSICS 420, Optics
PHYSICS 437, Particle Physics
PHYSICS 450, Introduction To Solid State Physics
PHYSICS 460, Electricity And Magnetism I
PHYSICS 461, Electricity And Magnetism II
PHYSICS 465, Cosmology
PHYSICS 472, Introduction To Quantum Mechanics
PHYSICS 476LW, Advanced Laboratory
PHYSICS 490, Special Problems
PHYSICS 499, Undergraduate Research
PIANO 100A, Preparatory Applied Study
PIANO 100B, Applied Study of a Second Instrument
PIANO 100C, Applied Study for the Non-Music Major
PIANO 101, Freshman Piano I
PIANO 101J, Freshman Piano I (Jazz)
PIANO 102, Freshman Piano II
PIANO 102J, Freshman Piano II (Jazz)
PIANO 201, Sophomore Piano I
PIANO 201J, Sophomore Piano I (Jazz)
PIANO 202, Sophomore Piano II
PIANO 202J, Sophomore Piano II (Jazz)
PIANO 300, Studio Class
PIANO 301, Junior Piano I
PIANO 301J, Junior Piano I (Jazz)
PIANO 302, Junior Piano II
PIANO 302J, Junior Piano II (Jazz)
PIANO 401, Senior Piano I
PIANO 401J, Senior Piano I (Jazz)
PIANO 402, Senior Piano II
PIANO 402J, Senior Piano II (Jazz)
POLSCI 210, American Government
POLSCI 220, Introduction To Comparative Politics
POLSCI 221, Introduction to Comparative Politics and Research
POLSCI 230, International Relations
POLSCI 301, Western Political Philosophy
POLSCI 303, Political Behavior
POLSCI 304, Politics of Developing Countries
POLSCI 308, Parties and Interest Groups
POLSCI 309, Public Opinion
POLSCI 313, Politics In The American States
POLSCI 314, Politics of Kansas City Metro
POLSCI 316, Terrorism And Political Violence
POLSCI 318, Political Psychology
POLSCI 319, Campaigns And Elections
POLSCI 326, Racial and Ethnic Politics
POLSCI 336, American Foreign Policy
POLSCI 345, Women and Politics
POLSCI 348, Constitutional Law: The Federal System
POLSCI 349, Constitutional Law: Civil Liberties
POLSCI 357, Western European Politics
POLSCI 360," Labor, Politics and Society"
POLSCI 362, Latin America and International Relations
POLSCI 363, Immigration Politics and Policy: The United States in Cross-National Perspective
POLSCI 365WI, Congress and Parliaments
POLSCI 366, British Politics
POLSCI 367, International Political Economy
POLSCI 368, Threats to Human Security
POLSCI 370, Labor Law
POLSCI 371, Women and Conflict
POLSCI 372, Practicing Politics
POLSCI 375, Pre-Law I: The Role and Identity of a Lawyer
POLSCI 376, Pre-Law II: Foundations of an Effective Lawyer
POLSCI 377, Logical Reasoning for Pre-Law Students
POLSCI 380, Political Science And Politics
POLSCI 401," Legitimacy, Power, and the Survival of Political Systems"
POLSCI 404, Conflict Resolution
POLSCI 408, Judicial Politics
POLSCI 425WI, Seminar in Comparative Politics
POLSCI 435, Environmental Politics
POLSCI 452, Concepts in International Relations
POLSCI 480, Government And Politics
POLSCI 491, Internship
POLSCI 493, Study Abroad
POLSCI 497, Political Science Tutorial
POLSCI 498, Honors Tutorial
PSYCH 210, General Psychology
PSYCH 212, Social Psychology
PSYCH 217, Academic and Career Opportunities in Psychology
PSYCH 222, Child Psychology
PSYCH 302, Research Design in Psychological Science
PSYCH 305, Psychology of Gender
PSYCH 316, Quantitative Methods In Psychology
PSYCH 320, Ethnic and Diversity Perspectives in Psychology
PSYCH 323, Theory and Methods of Personality
PSYCH 405, Motivation and Emotion
PSYCH 407, Cognitive Psychology
PSYCH 418, Brain and Behavior I
PSYCH 433, Psychological Disorders
PSYCH 440, The Psychology Of Aging
PSYCH 450, Special Topics
PSYCH 461, Field Practicum
PSYCH 490, Directed Individual Research
PSYCH 491, Psychology Research Externship
PSYCH 495WI, Contemporary Issues in Psychology
PUBADM 410, Research Methods In Public Administration
PUBADM 420, Urban Environmental Policy
PUBADM 421, Managing for Sustainability in an Urban Environment
PUBADM 448," Leadership, Change and Social Impact"
PUBADM 455B, Non-Profit Leadership Issues:  Board-Staff Relations
PUBADM 487, Special Topics
PUBADM 492, Creating and Measuring Social Impact
PUBADM 493, Nonprofit Fundraising and Development
PUBADM 494, Leading and Managing Nonprofit Organizations
PUBADM 495, Nonprofit Organizations in Context
PUBADM 496, Internship: Public Administration
PUBADM 497, Special Topics In Public Administration
PBHL 158, Public Health Principles
PBHL 245, Qualitative Research Methods for Public Health
PBHL 335, Historical and Contemporary Issues in Public Health
PBHL 358, Environmental Public Health
PBHL 445, Core Competencies in Health Education
PBHL 458, Communicable Disease Investigation
PBHL 490, Special Topics
PBHL 496, Evidence-Based Public Health Capstone & Seminar
REGS 200," Introduction to Race, Ethnic, and Gender Studies"
REGS 202, Introduction to Black Studies
REGS 203, Introduction to Latinx and Latin American Studies
REGS 204," Introduction To Women's, Gender, and Sexuality Studies"
REGS 300," Theoretical Foundations of Race, Ethnic, and Gender Studies"
REGS 302, Racial and Ethnic Inequality and Inclusion in a Changing Society
REGS 304, Introduction to Feminist Theory
REGS 306, Exploring Intersectionality
REGS 314, Introduction to Queer Theory
REGS 321, Race and Ethnic Relations
REGS 329, Inequities in Health and Healthcare
REGS 348," Latinx Immigrants, Migrants, and Refugees in the U.S"
REGS 380," Special Topics in Race, Ethnic, and Gender Studies"
REGS 451," Gender, Health, and Development in Senegal"
REGS 480," Advanced Special Topics in Race, Ethnic, and Gender Studies-Humanities"
REGS 485," Advanced Special Topics in Race, Ethnic, and Gender Studies-Social Sciences"
REGS 490, Directed Study/Research
REGS 495," Race, Ethnic, and Gender Studies Internship"
EDRD 439, Language & Literacy across the Disciplines
RLEST 321, Real Estate Principles
RLEST 421, Real Estate Finance Fundamentals
RLEST 425, Principles of Real Estate Property Management
RLEST 496, Internship: Real Estate
RLEST 497, Special Topics: Real Estate
RELIGST 100, Introduction To Comparative Religion
RELIGST 400, Special Topics In Religious Studies
RELIGST 497RS, Special Topics And Readings
SAXOPH 100A, Preparatory Applied Study
SAXOPH 100B, Applied Study of a Second Instrument
SAXOPH 100C, Applied Study for the Non-Music Major
SAXOPH 101, Freshman Saxophone I
SAXOPH 101J, Freshman Saxophone I (Jazz)
SAXOPH 102, Freshman Saxophone II
SAXOPH 102J, Freshman Saxophone II (Jazz)
SAXOPH 201, Sophomore Saxophone I
SAXOPH 201J, Sophomore Saxophone I (Jazz)
SAXOPH 202, Sophomore Saxophone II
SAXOPH 202J, Sophomore Saxophone II (Jazz)
SAXOPH 300, Studio Class
SAXOPH 301, Junior Saxophone I
SAXOPH 301J, Junior Saxophone I (Jazz)
SAXOPH 302, Junior Saxophone II
SAXOPH 302J, Junior Saxophone II (Jazz)
SAXOPH 401, Senior Saxophone I
SAXOPH 401J, Senior Saxophone I (Jazz)
SAXOPH 402, Senior Saxophone II
SAXOPH 402J, Senior Saxophone II (Jazz)
SOCIOL 101, Sociology: An Introduction
SOCIOL 203, Social Problems
SOCIOL 211, Social And Psychological Development Through The Life Cycle
SOCIOL 300, Special Topics in Sociology
SOCIOL 300A, Special Topics In Sociology
SOCIOL 302WI, Social Stratification
SOCIOL 310R, Families And The Life Course
SOCIOL 313R, Sociology Of Gender
SOCIOL 316, Sociology Of Death And Dying
SOCIOL 320, Social Deviance
SOCIOL 322, Race And Ethnic Relations
SOCIOL 326, Consumer Society
SOCIOL 328, Body and Society
SOCIOL 332, Sociology Of Political Life
SOCIOL 337, Community Development In Urban America
SOCIOL 357, Social Movements
SOCIOL 358, Culture and Society
SOCIOL 359, Media and Society
SOCIOL 361, Social Theory
SOCIOL 362, Methods Of Sociological Research
SOCIOL 363, Introduction to Statistics in Sociology/Criminal Justice
SOCIOL 364, Immigration and the City
SOCIOL 365, Cities and Society
SOCIOL 380, Technology and Society
SOCIOL 390R, Directed Field Experience I
SOCIOL 391, Directed Field Experience II
SOCIOL 397, Independent Readings In Sociology
SOCIOL 398, Independent Research In Sociology
SOCIOL 411, Sociology Of Human Sexuality
SOCIOL 418, Feminist Theories
SOCIOL 434, Spatial Thinking in Social Science
SOCIOL 440R, Sociology Of Medicine
SOCIOL 441, Globalization and Development
SPANISH 110, Elementary Spanish I
SPANISH 114, Spanish Grammar Lab
SPANISH 120, Elementary Spanish II
SPANISH 211, Second Year Spanish I
SPANISH 216, Spanish For The Health Sciences
SPANISH 221, Second Year Spanish II
SPANISH 280, Special Intermediate Spanish Topics I
SPANISH 301, Introduction to Literary Studies
SPANISH 315, Intermediate Conversation And Composition I
SPANISH 316, Spanish for Health Sciences II
SPANISH 325, Intermediate Conversation And Composition II
SPANISH 351, Latin American Civilization
SPANISH 365, The Search for Mexican Identity
SPANISH 374, Spanish Literature and Culture II
SPANISH 380, Special Topics
SPANISH 383, Spanish American Literature and Culture I
SPANISH 384, Spanish American Literature and Cultures II
SPANISH 403, History of the Spanish Language
SPANISH 414, Early 20th Century Peninsular Literature
SPANISH 415, Advanced Conversation And Composition I
SPANISH 425, Advanced Conversation And Composition II
SPANISH 427, Pre-Columbian And Spanish Colonial Literature
SPANISH 428, Contemporary Spanish Poetry
SPANISH 436, Spain's Transition to Democracy: Literature and Film
SPANISH 450, Modern Classics Of Latin American Literature
SPANISH 453, Spanish-American Short Story
SPANISH 480, Special Topics
SPANISH 490, Special Readings
SPANISH 499, Senior Seminar (Capstone)
EDUCSP 401, Theories of Behavior and Policies in Special Education
EDUCSP 407, Educating Exceptional Children And Youth
EDUCSP 408, Assessment and Data Literacy in Special Education
EDUCSP 409, Cognition and Language Development in Mild/Moderate Cross-Categorical Disabilities
EDUCSP 410, Teaching Students with Mild/Moderate Cross-Categorical Disabilities
EDUCSP 414, Behavioral Intervention and Instructional Support in Special Education
STAT 115, Statistical Reasoning
STAT 235, Elementary Statistics
STAT 340L, Introduction to Data Visualization
STAT 355L, Introduction to Diagnostic Analytics
STAT 360L, Introduction to Predictive Analytics
STAT 400, Machine Learning and Statistical Modeling
STAT 415, Statistical Design of Experiments
STAT 436, Introduction To Mathematical Statistics I
STAT 441, Introduction To Mathematical Statistics II
STAT 451, Applied Statistical Analysis
STAT 480, Statistical Models in Actuarial Science
STAT 482, Statistical Models for Life Contingencies
STAT 496, Internship/Practical Training in Mathematics or Statistics
STRBASS 100A, Preparatory Applied Study
STRBASS 100B, Applied Study Of A Second Instrument
STRBASS 100C, Applied Study for the Non-Music Major
STRBASS 101, Freshman String Bass I
STRBASS 101J, Freshman St Bass I (Jazz)
STRBASS 102, Freshman String Bass II
STRBASS 102J, Freshman St Bass II (Jazz)
STRBASS 201, Sophomore String Bass I
STRBASS 201J, Sophomore St Bass I (Jazz)
STRBASS 202, Sophomore String Bass II
STRBASS 202J, Sophomore St Bass II (Jazz)
STRBASS 300, Studio Class
STRBASS 301, Junior String Bass I
STRBASS 301J, Junior St Bass I (Jazz)
STRBASS 302, Junior String Bass II
STRBASS 302J, Junior St Bass II (Jazz)
STRBASS 401, Senior String Bass I
STRBASS 401J, Senior St Bass I (Jazz)
STRBASS 402, Senior String Bass II
STRBASS 402J, Senior St Bass II (Jazz)
TCHED 130, Number Systems and Related Topics
TCHED 140, Geometry for Elementary Teachers
TCHED 150, Foundations of Urban Education
TCHED 151, Introduction to Urban Education Field Experience
TCHED 152, Urban Education Seminar 1: Social Justice
TCHED 153, Math Methods for Urban Education teachers: Number Systems
TCHED 160, Introduction to Teaching
TCHED 201, Children's Literature
TCHED 202, Literature for Adolescents
TCHED 203," Health, Safety, and Nutrition in Early Childhood Education"
TCHED 251, Child and Adolescent Development for Urban Educators
TCHED 252, Field Exp: Child/Adolescent Development
TCHED 253, Urban Education Seminar II: Social Justice
TCHED 254, Math Methods for Urban Teachers: Geometry
TCHED 255, Intergrated Music and Visual Arts
TCHED 256, Field Experience: Music and Visual Arts
TCHED 258, Math Methods for Urban Teachers: Probability and Statistics
TCHED 259, Introduction to Urban Teaching
TCHED 265, Field Experience: Urban Teaching
TCHED 266, Urban Education IV: Classroom Management
TCHED 300, Summer Community Experience
TCHED 310, Classroom Climate and Organization
TCHED 311, Curriculum and Learning Theory
TCHED 312, Legal and Ethical Aspects of Teaching
TCHED 314, Cultural Diversity and Teaching English Language Learners
TCHED 315, Assessment and Data Literacy
TCHED 316, Reading and Language Arts I
TCHED 317, Reading and Language Arts II
TCHED 318, Literacy Assessment and Instruction
TCHED 330, Analyzing Learning Environments in Urban Contexts
TCHED 333, Learning Environments: Birth to Grade 3
TCHED 350, Multi-Media Production For The Classroom
TCHED 351, Literature for a Lifetime
TCHED 365," Seminar in Teacher Identity, Power and Privilege"
TCHED 366, Field Experience: Literacy
TCHED 385, Teaching and Learning with Technology
TCHED 396, English Language Study for Middle and High School Teachers
TCHED 397, Practicum I - Elementary
TCHED 398, Practicum II  Elementary
TCHED 399, Continuous Enrollment
TCHED 400, Child Development
TCHED 402, Integrated Arts
TCHED 403, Educational Psychology
TCHED 404, Education of the Exceptional Child and Youth
TCHED 405, Practicum I
TCHED 406, Practicum II: Elementary
TCHED 407, Practicum III - Elementary
TCHED 408WI, Advanced Foundations
TCHED 409, Curriculum and Assessment
TCHED 410, Teacher in the Classroom
TCHED 412, Language Arts in the Elementary and Middle School
TCHED 413, Mathematics in the Elementary School I
TCHED 414, General Methods Elementary and Middle - 3
TCHED 415, Reading 1: Intro to Literacy and Reading Instruction
TCHED 416, Reading II: Assessing and Teaching Diverse Learners
TCHED 417, Science Methods in the Elementary School
TCHED 418, Social Studies in the Elementary School
TCHED 419, Student Teaching in Elementary School
TCHED 420, Adolescent Development
TCHED 422, Practicum I - Middle and High School
TCHED 423, Practicum II - Middle and High School
TCHED 424, Practicum III - Middle and High School
TCHED 425, General Methods - Secondary 2
TCHED 427, Reading in the Secondary School
TCHED 429, Mathematics in the Elementary School II
TCHED 430, Gateway to Teaching
TCHED 431, Summer Community Experience
TCHED 432, Special Methods of Teaching English in Middle and High Schools
TCHED 433, Special Methods of Teaching Mathematics in Middle and High Schools
TCHED 434, Seminar in Social Science Curriculum
TCHED 435, Special Methods of Teaching Science in Middle and High Schools
TCHED 436, Special Methods of Teaching Social Science in Middle and High Schools
TCHED 437, Student Teaching in High School
TCHED 438, Culturally Responsive Strategies for Teaching Diverse Learners
TCHED 440, Introduction To Early Childhood Education
TCHED 441, Language Development
TCHED 442," Assessment, Screening, and Data-Informed Early Childhood Teaching"
TCHED 443, Mathematics in Early Childhood II
TCHED 444, Mathematics in Early Childhood I
TCHED 445, Science In Early Childhood
TCHED 446, Early Childhood Creative Activities
TCHED 447, Social Studies in Early Childhood
TCHED 450, Integrating The Curriculum In Early Childhood Education
TCHED 451, Child Guidance in Early Childhood Classrooms
TCHED 452, Family and Program Relationships in Early Childhood Education
TCHED 453, Learning from Parents
TCHED 454, Human Relations In The Early Childhood Classroom
TCHED 455, Student Teaching In Preschool
TCHED 456, Student Teaching in Early Childhood
TCHED 457, Infant and Toddler Care and Education
TCHED 458, Practicum For Learning About Infants And Toddlers
TCHED 459, Early Childhood Program Management
TCHED 460, Middle School Curriculum
TCHED 461, Student Teaching In Middle School
TCHED 462, Middle School Philosophy and Organization
TCHED 463, Literacy Intervention across the Disciplines
TCHED 464, Math Methods for Urban Teachers
TCHED 465, Urban Education VI: Teaching Diverse Students
TCHED 466, Field Experience: Diverse Learners
TCHED 470, Philosophy and History of Science and Technology
TCHED 475, Working with Families and Communities
TCHED 478, Seminar - Elementary
TCHED 479, Practicum III  Elementary
TCHED 480, Practicum I Early Childhood
TCHED 481, Practicum II Early Childhood
TCHED 482, Seminar in Teaching and Evaluating Writing
TCHED 483, Early Childhood Literacy I
TCHED 484, Early Childhood Literacy II
TCHED 485, Language Arts in the Early Childhood Claassroom
TCHED 486, Seminar - Early Childhood
TCHED 487, Practicum III - Early Childhood
TCHED 491, Seminar - Art Education
TCHED 492, Integrated Instruction: Language Arts and Social Studies
TCHED 493, Seminar - Mathematics
TCHED 494, Seminar - English/Language Arts
TCHED 495, Seminar - Science
TCHED 496, Seminar - Social Science
TCHED 497, Teaching Internship
TCHED 498, Urban Education Seminar VII
TCHED 499, Capstone
THEATRE 101, Introduction To Acting
THEATRE 102, Acting for the Opera
THEATRE 110, Acting I
THEATRE 113, Introduction To Technical Production
THEATRE 113B, Introduction to Technical Production - Costuming
THEATRE 113C, Introduction to Technical Production: Light/Sound
THEATRE 121, Oral Interpretation Of Literature
THEATRE 130, Foundations Of Fine Arts Theatre
THEATRE 180, Theatre Practicum
THEATRE 200, Script Analysis
THEATRE 210, Introduction To Design For The Theater
THEATRE 295, Speech For The Theatre I
THEATRE 295A, Speech For The Theater I
THEATRE 295B, Speech For The Theater I
THEATRE 298, Movement For Actors
THEATRE 298A, Movement For Actors
THEATRE 298B, Movement For Actors
THEATRE 315, Acting II
THEATRE 317, Scene Design
THEATRE 325, Acting III
THEATRE 329, Master Class In Acting
THEATRE 329A, Master Class In Acting
THEATRE 329B, Master Class In Acting
THEATRE 329C, Master Class In Acting
THEATRE 329D, Master Class In Acting
THEATRE 333, History of Costuming I
THEATRE 340, Stage Makeup
THEATRE 350, Theatre History I
THEATRE 351WI, Theatre History II
THEATRE 352, History of Costuming II
THEATRE 371, Stage Lighting
THEATRE 372, Stage Lighting Technology
THEATRE 374, Professional Projection Design
THEATRE 378, Stage Management I
THEATRE 400, Special Problems In Theatre
THEATRE 400A, Special Problems In Theatre: Acting
THEATRE 400B, Special Problems In Theatre:  Design
THEATRE 400C, Special Problems In Theatre: Costumes
THEATRE 400D, Special Problems In Theatre: Scenic Design
THEATRE 400E, Special Problems In Theatre: Directing
THEATRE 400F, Special Problems In Theatre: History
THEATRE 400G, Special Problems In Theatre:  Lighting
THEATRE 400H, Special Problems In Theatre: Playwriting
THEATRE 400I, Special Problems In Theater: Sound
THEATRE 400J, Special Problems In Theatre: Stage Management
THEATRE 400L, Special Problems In Theatre: Theatre Management
THEATRE 400M, Special Problems In Theatre: Theory And Criticism
THEATRE 400N, Special Problems In Theatre:  Dramaturgy
THEATRE 400R, Special Problems In Theatre
THEATRE 400S, Special Topics In Theatre
THEATRE 400T, Special Problems In Theatre
THEATRE 400V, Special Problems in Theater
THEATRE 400X, Special Problems In Theatre
THEATRE 403, Theatre Company & Production
THEATRE 415, Beginning Directing
THEATRE 431, Rendering Techniques For The Theatre Designer I
THEATRE 432, Costume Design
THEATRE 432A, Costume Design
THEATRE 432B, Costume Design
THEATRE 432C, Costume Design
THEATRE 432D, Costume Design
THEATRE 437, Playwriting I
THEATRE 438, Playwriting II
THEATRE 451, World Theatre
THEATRE 476, Theatre Sound And Electronics
THEATRE 478, Stage Management II
THEATRE 497, Repertory Theatre
THEATRE 499, Theatre Capstone
TROMB 100A, Preparatory Applied Study
TROMB 100B, Applied Study of a Second Instrument
TROMB 100C, Applied Study for the Non-Music Major
TROMB 101, Freshman Trombone I
TROMB 101J, Freshman Trombone I (Jazz)
TROMB 102, Freshman Trombone II
TROMB 102J, Freshman Trombone II (Jazz)
TROMB 201, Sophomore Trombone I
TROMB 201J, Sophomore Trombone I (Jazz)
TROMB 202, Sophomore Trombone II
TROMB 202J, Sophomore Trombone II (Jazz)
TROMB 300, Studio Class
TROMB 301, Junior Trombone I
TROMB 301J, Junior Trombone I (Jazz)
TROMB 302, Junior Trombone II
TROMB 302J, Junior Trombone II (Jazz)
TROMB 368, Instrumental Ensemble Excerpts
TROMB 401, Senior Trombone I
TROMB 401J, Senior Trombone I (Jazz)
TROMB 402, Senior Trombone II
TROMB 402J, Senior Trombone II (Jazz)
TRUMPET 100A, Preparatory Applied Study
TRUMPET 100B, Applied Study of a Second Instrument
TRUMPET 100C, Applied Study for the Non-Music Major
TRUMPET 101, Freshman Trumpet I
TRUMPET 101J, Freshman Trumpet I (Jazz)
TRUMPET 102, Freshman Trumpet II
TRUMPET 102J, Freshman Trumpet II (Jazz)
TRUMPET 201, Sophomore Trumpet I
TRUMPET 201J, Sophomore Trumpet I (Jazz)
TRUMPET 202, Sophomore Trumpet II
TRUMPET 202J, Sophomore Trumpet II (Jazz)
TRUMPET 300, Studio Class
TRUMPET 301, Junior Trumpet I
TRUMPET 301J, Junior Trumpet I (Jazz)
TRUMPET 302, Junior Trumpet II
TRUMPET 302J, Junior Trumpet II (Jazz)
TRUMPET 368, Orchestral Literature for Trumpet
TRUMPET 368T, Instrumental Ensemble Excerpts
TRUMPET 401, Senior Trumpet I
TRUMPET 401J, Senior Trumpet I (Jazz)
TRUMPET 402, Senior Trumpet II
TRUMPET 402J, Senior Trumpet II (Jazz)
TUBA 100A, Preparatory Applied Study
TUBA 100B, Applied Study of a Second Instrument
TUBA 100C, Applied Study for the Non-Music Major
TUBA 101, Freshman Tuba I
TUBA 102, Freshman Tuba II
TUBA 201, Sophomore Tuba I
TUBA 202, Sophomore Tuba II
TUBA 300, Studio Class
TUBA 301, Junior Tuba I
TUBA 302, Junior Tuba II
TUBA 401, Senior Tuba I
TUBA 402, Senior Tuba II
UNIV 100, Academic Development
UNIV 102, Career and Major Planning
UNIV 202, Next Steps in Career & Major Exploration
UNIV 300, Peer Leadership
UPD 203, GIS For Urban Planning
UPD 210, Visual Communication for Urban Design
UPD 260, History Of Planning And Urban Design
UPD 280, Land Use Planning
UPD 300, Quantitative Planning Methods And Techniques
UPD 310, Planning And Design Studio I
UPD 312, Planning And Design Studio II
UPD 320, Planning Theory And Practice
UPD 332CZ, Environmental Sustainability
UPD 340, Neighborhood And Community Development
UPD 400, Advanced GIS For Urban Planning
UPD 403, GIS for Urban Planning
UPD 410, Planning and Design Studio III
UPD 411, Professional Practice I
UPD 412WI, Planning and Design Studio IV
UPD 413, Professional Practice II
UPD 420, Transportation Planning
UPD 430, Planning For Historic Preservation
UPD 432, Urban Environment Planning And Design
UPD 435, Natural Hazards and Disaster Planning
UPD 450, Planning Law And Practice
UPD 472, Urban Redevelopment
UPD 475, American Housing
UPD 490, Urban Planning Internship
UPD 496, Directed Studies In Urban Planning
UPD 499, Special Topics In Urban Planning
UPD 499C, Special Topics In Urban Planning
URBANST 101, Introduction To Urban Studies
URBANST 346, Urban Latin America
URBANST 495, Urban Studies Internship
URBAN ST 499WI, Urban Studies Seminar
VIOLA 100A, Preparatory Applied Study
VIOLA 100B, Applied Study of a Second Instrument
VIOLA 100C, Applied Study for the Non-Music Major
VIOLA 101, Freshman Viola I
VIOLA 102, Freshman Viola II
VIOLA 201, Sophomore Viola I
VIOLA 202, Sophomore Viola II
VIOLA 300, Studio Class
VIOLA 301, Junior Viola I
VIOLA 302, Junior Viola II
VIOLA 401, Senior Viola I
VIOLA 402, Senior Viola II
VIOLIN 100A, Preparatory Applied Study
VIOLIN 100B, Applied Study of a Second Instrument
VIOLIN 100C, Applied Study for the Non-Music Major
VIOLIN 100D, Applied Study for the Non-Music Major
VIOLIN 101, Freshman Violin I
VIOLIN 102, Freshman Violin II
VIOLIN 201, Sophomore Violin I
VIOLIN 202, Sophomore Violin II
VIOLIN 300, Studio Class
VIOLIN 301, Junior Violin I
VIOLIN 302, Junior Violin II
VIOLIN 401, Senior Violin I
VIOLIN 402, Senior Violin II
VOICE 100A, Preparatory Applied Study
VOICE 100B, Applied Study of a Second Instrument
VOICE 100C, Applied Study for the Non-Music Major
VOICE 101, Freshman Voice I
VOICE 102, Freshman Voice II
VOICE 201, Sophomore Voice I
VOICE 202, Sophomore Voice II
VOICE 300, Studio Class
VOICE 301, Junior Voice I
VOICE 302, Junior Voice II
VOICE 401, Senior Voice I
VOICE 402, Senior Voice II
VOICE 411, Vocal Coaching: Voice Recital Preparation
